Journal,ISSN,Held by ND$
3 BIOTECH,2190-572X,-
ACTA ADRIATICA,0001-5113,ACTA ADRIATICA
ACTA AGRICULTURAE SCANDINAVICA SECTION A-ANIMAL SCIENCE,0906-4702,ACTA AGRICULTURAE SCANDINAVICA SECTION A ANIMAL SCIENCE
ACTA BOREALIA,0800-3831,ACTA BOREALIA
ACTA BOTANICA BRASILICA,0102-3306,-
ACTA BOTANICA GALLICA,1253-8078,-
ACTA CHIROPTEROLOGICA,1508-1109,-
ACTA HERPETOLOGICA,1827-9635,ACTA HERPETOLOGICA
ACTA ICHTHYOLOGICA ET PISCATORIA,0137-1592,ACTA ICHTHYOLOGICA ET PISCATORIA
ACTA OCEANOLOGICA SINICA,0253-505X,-
ACTA OECOLOGICA-INTERNATIONAL JOURNAL OF ECOLOGY,1146-609X,-
ACTA ORNITHOLOGICA,0001-6454,-
ACTA PHYSIOLOGIAE PLANTARUM,0137-5881,-
ACTA SCIENTIARUM POLONORUM-TECHNOLOGIA ALIMENTARIA,1644-0730,ACTA SCIENTIARUM POLONORUM. TECHNOLOGIA ALIMENTARIA
ACTA SOCIETATIS BOTANICORUM POLONIAE,0001-6977,ACTA SOCIETATIS BOTANICORUM POLONIAE
ACTA THERIOLOGICA,0001-7051,-
ACTA TROPICA,0001-706X,-
ACTA ZOOLOGICA BULGARICA,0324-0770,-
ADVANCES IN ATMOSPHERIC SCIENCES,0256-1530,-
ADVANCES IN NURSING SCIENCE,0161-9268,"ANS, ADVANCES IN NURSING SCIENCE"
ADVANCES IN SPACE RESEARCH,0273-1177,-
ADVANCES IN WATER RESOURCES,0309-1708,-
AEOLIAN RESEARCH,1875-9637,-
AEROBIOLOGIA,0393-5965,-
AFRICAN ENTOMOLOGY,1021-3589,AFRICAN ENTOMOLOGY :
AFRICAN JOURNAL OF AGRICULTURAL RESEARCH,1991-637X,-
AFRICAN JOURNAL OF AQUATIC SCIENCE,1608-5914,-
AFRICAN JOURNAL OF BIOTECHNOLOGY,1684-5315,-
AFRICAN JOURNAL OF ECOLOGY,0141-6707,-
AFRICAN JOURNAL OF MARINE SCIENCE,1814-232X,AFRICAN JOURNAL OF MARINE SCIENCE
AFRICAN JOURNAL OF RANGE & FORAGE SCIENCE,1022-0119,AFRICAN JOURNAL OF RANGE & FORAGE SCIENCE
AFRICAN JOURNAL OF WILDLIFE RESEARCH,2410-7220,SOUTH AFRICAN JOURNAL OF WILDLIFE RESEARCH
AFRICAN ZOOLOGY,1562-7020,AFRICAN ZOOLOGY
AGRICULTURAL AND FOOD SCIENCE,1459-6067,-
AGRICULTURAL AND FOREST ENTOMOLOGY,1461-9555,-
AGRICULTURAL AND FOREST METEOROLOGY,0168-1923,-
AGRICULTURAL ECONOMICS,0169-5150,-
AGRICULTURAL SCIENCE AND PRACTICE,2312-3370,-
AGRICULTURAL SYSTEMS,0308-521X,-
AGRICULTURAL WATER MANAGEMENT,0378-3774,-
AGRICULTURE AND HUMAN VALUES,0889-048X,-
AGRICULTURE ECOSYSTEMS & ENVIRONMENT,0167-8809,-
AGROCIENCIA,1405-3195,-
AGROECOLOGY AND SUSTAINABLE FOOD SYSTEMS,2168-3565,AGROECOLOGY AND SUSTAINABLE FOOD SYSTEMS
AGROFORESTRY SYSTEMS,0167-4366,-
AGRONOMIE,0249-5627,-
AGRONOMY FOR SUSTAINABLE DEVELOPMENT,1774-0746,AGRONOMY FOR SUSTAINABLE DEVELOPMENT
AGRONOMY JOURNAL,0002-1962,-
AIMS ENVIRONMENTAL SCIENCE,2372-0344,-
AIMS MICROBIOLOGY,2471-1888,-
ALPINE BOTANY,1664-2201,-
AMBIO,0044-7447,AMBIO
AMERICAN ANTHROPOLOGIST,0002-7294,-
AMERICAN BEHAVIORAL SCIENTIST,0002-7642,-
AMERICAN BIOLOGY TEACHER,0002-7685,-
AMERICAN FERN JOURNAL,0002-8444,-
AMERICAN JOURNAL OF AGRICULTURAL ECONOMICS,0002-9092,-
AMERICAN JOURNAL OF BOTANY,0002-9122,-
AMERICAN JOURNAL OF COMMUNITY PSYCHOLOGY,0091-0562,AMERICAN JOURNAL OF COMMUNITY PSYCHOLOGY [AM J COMMUNITY PSYCHOL] NLMUID: 0364535
AMERICAN JOURNAL OF PHYSIOLOGY-REGULATORY INTEGRATIVE AND COMPARATIVE PHYSIOLOGY,0363-6119,-
AMERICAN JOURNAL OF PRIMATOLOGY,0275-2565,-
AMERICAN MIDLAND NATURALIST,0003-0031,THE AMERICAN MIDLAND NATURALIST
AMERICAN NATURALIST,0003-0147,-
AMERICAN REVIEW OF CANADIAN STUDIES,0272-2011,-
AMERICAN SCIENTIST,0003-0996,AMERICAN SCIENTIST
AMFITEATRU ECONOMIC,1582-9146,-
ANAIS DA ACADEMIA BRASILEIRA DE CIENCIAS,0001-3765,-
ANALES DEL JARDIN BOTANICO DE MADRID,0211-1322,-
ANALYTICAL METHODS,1759-9660,-
ANIMAL,1751-7311,-
ANIMAL BEHAVIOUR,0003-3472,-
ANIMAL BIODIVERSITY AND CONSERVATION,1578-665X,-
ANIMAL BIOLOGY,1570-7555,-
ANIMAL CONSERVATION,1367-9430,-
ANIMAL FEED SCIENCE AND TECHNOLOGY,0377-8401,-
ANIMAL GENETICS,0268-9146,ANIMAL GENETICS [ANIM GENET] NLMUID: 8605704
ANIMAL PRODUCTION SCIENCE,1836-0939,-
ANIMAL REPRODUCTION SCIENCE,0378-4320,-
ANIMAL RESEARCH,1627-3583,-
ANNALES DE LIMNOLOGIE-INTERNATIONAL JOURNAL OF LIMNOLOGY,0003-4088,ANNALES DE LIMNOLOGIE
ANNALES ZOOLOGICI FENNICI,0003-455X,-
ANNALI DI BOTANICA,0365-0812,-
ANNALS OF APPLIED BIOLOGY,0003-4746,-
ANNALS OF APPLIED STATISTICS,1932-6157,-
ANNALS OF BOTANY,0305-7364,-
ANNALS OF FOREST RESEARCH,1844-8135,ANNALS OF FOREST RESEARCH (1844-8135)
ANNALS OF FOREST SCIENCE,1286-4560,ANNALS OF FOREST SCIENCE
ANNALS OF OPERATIONS RESEARCH,0254-5330,-
ANNALS OF THE AMERICAN ASSOCIATION OF GEOGRAPHERS,2469-4452,-
ANNALS OF THE ASSOCIATION OF AMERICAN GEOGRAPHERS,0004-5608,ANNALS OF THE ASSOCIATION OF AMERICAN GEOGRAPHERS
ANNALS OF THE ENTOMOLOGICAL SOCIETY OF AMERICA,0013-8746,-
ANNALS OF THE MISSOURI BOTANICAL GARDEN,0026-6493,ANNALS OF THE MISSOURI BOTANICAL GARDEN
ANNALS OF THE NEW YORK ACADEMY OF SCIENCES,0077-8923,-
"ANNUAL REVIEW OF ANIMAL BIOSCIENCES, VOL 2",2165-8102,-
"ANNUAL REVIEW OF EARTH AND PLANETARY SCIENCES, VOL 43",0084-6597,-
ANNUAL REVIEW OF ECOLOGY AND SYSTEMATICS,0066-4162,ANNUAL REVIEW OF ECOLOGY AND SYSTEMATICS
ANNUAL REVIEW OF ECOLOGY EVOLUTION AND SYSTEMATICS,1543-592X,"ANNUAL REVIEW OF ECOLOGY, EVOLUTION, AND SYSTEMATICS"
ANNUAL REVIEW OF ENERGY AND THE ENVIRONMENT,1056-3466,ANNUAL REVIEW OF ENERGY AND THE ENVIRONMENT
ANNUAL REVIEW OF ENTOMOLOGY,0066-4170,-
ANNUAL REVIEW OF ENVIRONMENT AND RESOURCES,1543-5938,-
ANNUAL REVIEW OF GENOMICS AND HUMAN GENETICS,1527-8204,-
ANNUAL REVIEW OF MARINE SCIENCE,1941-1405,-
ANNUAL REVIEW OF PHYTOPATHOLOGY,0066-4286,-
"ANNUAL REVIEW OF RESOURCE ECONOMICS, VOL 2, 2010",1941-1340,-
ANTARCTIC SCIENCE,0954-1020,-
ANTHROPOCENE,2213-3054,ANTHROPOCENE
ANTIPODE,0066-4812,ANTIPODE
ANTONIE VAN LEEUWENHOEK INTERNATIONAL JOURNAL OF GENERAL AND MOLECULAR MICROBIOLOGY,0003-6072,-
AOB PLANTS,2041-2851,AOB PLANTS
APIDOLOGIE,0044-8435,-
APPLICATIONS IN PLANT SCIENCES,2168-0450,APPLICATIONS IN PLANT SCIENCES
APPLIED AND ENVIRONMENTAL MICROBIOLOGY,0099-2240,-
APPLIED ANIMAL BEHAVIOUR SCIENCE,0168-1591,-
APPLIED ECOLOGY AND ENVIRONMENTAL RESEARCH,1589-1623,APPLIED ECOLOGY & ENVIRONMENTAL RESEARCH
APPLIED ENERGY,0306-2619,-
APPLIED ENGINEERING IN AGRICULTURE,0883-8542,-
APPLIED ENTOMOLOGY AND ZOOLOGY,0003-6862,-
APPLIED GEOGRAPHY,0143-6228,-
APPLIED GEOMATICS,1866-9298,-
APPLIED MATHEMATICAL MODELLING,0307-904X,-
APPLIED MICROBIOLOGY AND BIOTECHNOLOGY,0175-7598,APPLIED MICROBIOLOGY AND BIOTECHNOLOGY
APPLIED SOIL ECOLOGY,0929-1393,-
APPLIED SPATIAL ANALYSIS AND POLICY,1874-463X,-
APPLIED VEGETATION SCIENCE,1402-2001,APPLIED VEGETATION SCIENCE
AQUACULTURAL ENGINEERING,0144-8609,-
AQUACULTURE,0044-8486,-
AQUACULTURE ENVIRONMENT INTERACTIONS,1869-215X,-
AQUACULTURE INTERNATIONAL,0967-6120,-
AQUACULTURE RESEARCH,1355-557X,-
AQUATIC BIOLOGY,1864-7790,-
AQUATIC BOTANY,0304-3770,-
AQUATIC CONSERVATION-MARINE AND FRESHWATER ECOSYSTEMS,1052-7613,-
AQUATIC ECOLOGY,1386-2588,AQUATIC ECOLOGY
AQUATIC ECOSYSTEM HEALTH & MANAGEMENT,1463-4988,-
AQUATIC INVASIONS,1798-6540,AQUATIC INVASIONS
AQUATIC LIVING RESOURCES,0990-7440,AQUATIC LIVING RESOURCES
AQUATIC SCIENCES,1015-1621,-
AQUATIC TOXICOLOGY,0166-445X,-
ARABIAN JOURNAL OF GEOSCIENCES,1866-7511,-
ARCHIV FUR HYDROBIOLOGIE,0003-9136,-
ARCHIVES OF BIOLOGICAL SCIENCES,0354-4664,-
ARCHIVES OF ENVIRONMENTAL CONTAMINATION AND TOXICOLOGY,0090-4341,ARCHIVES OF ENVIRONMENTAL CONTAMINATION AND TOXICOLOGY
ARCTIC,0004-0843,ARCTIC
ARCTIC ANTHROPOLOGY,0066-6939,-
ARDEA,0373-2266,ARDEA
ARDEOLA-INTERNATIONAL JOURNAL OF ORNITHOLOGY,0570-7358,-
AREA,0004-0894,-
ARID ECOSYSTEMS,2079-0961,-
ARID LAND RESEARCH AND MANAGEMENT,1532-4982,-
ARTHROPOD-PLANT INTERACTIONS,1872-8855,-
ASIA-PACIFIC JOURNAL OF PUBLIC HEALTH,1010-5395,-
ASIA LIFE SCIENCES,0117-3375,-
ASIAN-AUSTRALASIAN JOURNAL OF ANIMAL SCIENCES,1011-2367,-
ASIAN JOURNAL OF CHEMISTRY,0970-7077,-
ASIAN JOURNAL OF WATER ENVIRONMENT AND POLLUTION,0972-9860,"ASIAN JOURNAL OF WATER, ENVIRONMENT, AND POLLUTION"
ASIAN PACIFIC JOURNAL OF TROPICAL MEDICINE,1995-7645,-
ATMOSPHERIC ENVIRONMENT,1352-2310,-
ATMOSPHERIC RESEARCH,0169-8095,-
AUK,0004-8038,-
AUSTRAL ECOLOGY,1442-9985,-
AUSTRAL ENTOMOLOGY,2052-1758,AUSTRAL ENTOMOLOGY
AUSTRALASIAN JOURNAL OF ENVIRONMENTAL MANAGEMENT,1448-6563,AUSTRALASIAN JOURNAL OF ENVIRONMENTAL MANAGEMENT
AUSTRALASIAN PLANT PATHOLOGY,0815-3191,-
AUSTRALIAN FORESTRY,0004-9158,-
AUSTRALIAN GEOGRAPHER,0004-9182,THE AUSTRALIAN GEOGRAPHER
AUSTRALIAN JOURNAL OF BOTANY,0067-1924,AUSTRALIAN JOURNAL OF BOTANY
AUSTRALIAN JOURNAL OF EARTH SCIENCES,0812-0099,-
AUSTRALIAN JOURNAL OF EXPERIMENTAL AGRICULTURE,0816-1089,-
AUSTRALIAN JOURNAL OF ZOOLOGY,0004-959X,-
AUSTRALIAN LAW JOURNAL,0004-9611,-
AUSTRALIAN MAMMALOGY,0310-0049,-
AUSTRALIAN SYSTEMATIC BOTANY,1030-1887,-
AUSTRIAN JOURNAL OF FOREST SCIENCE,0379-5292,-
AUTOMATICA,0005-1098,-
AVIAN BIOLOGY RESEARCH,1758-1559,AVIAN BIOLOGY RESEARCH
AVIAN CONSERVATION AND ECOLOGY,1712-6568,AVIAN CONSERVATION & ECOLOGY
AVIAN RESEARCH,2053-7166,AVIAN RESEARCH
B E JOURNAL OF ECONOMIC ANALYSIS & POLICY,1935-1682,THE B.E. JOURNAL OF ECONOMIC ANALYSIS & POLICY
BALTIC FORESTRY,1392-1355,-
BALTIC JOURNAL OF ECONOMIC STUDIES,2256-0742,-
BASIC AND APPLIED ECOLOGY,1439-1791,-
BEHAVIORAL ECOLOGY,1045-2249,-
BEHAVIORAL ECOLOGY AND SOCIOBIOLOGY,0340-5443,BEHAVIORAL ECOLOGY AND SOCIOBIOLOGY
BEHAVIOUR,0005-7959,-
BEHAVIOURAL PROCESSES,0376-6357,-
BELGIAN JOURNAL OF BOTANY,0778-4031,-
BELGIAN JOURNAL OF ZOOLOGY,0777-6276,BELGIAN JOURNAL OF ZOOLOGY
BERICHTE UBER LANDWIRTSCHAFT,2196-5099,-
BERLINER UND MUNCHENER TIERARZTLICHE WOCHENSCHRIFT,0005-9366,-
BIOACOUSTICS-THE INTERNATIONAL JOURNAL OF ANIMAL SOUND AND ITS RECORDING,0952-4622,-
BIOCHEMICAL GENETICS,0006-2928,BIOCHEMICAL GENETICS [BIOCHEM GENET] NLMUID: 0126611
BIOCHEMICAL SYSTEMATICS AND ECOLOGY,0305-1978,-
BIOCONTROL,1386-6141,-
BIOCONTROL SCIENCE AND TECHNOLOGY,0958-3157,-
BIODIVERSITY AND CONSERVATION,0960-3115,-
BIOENERGY RESEARCH,1939-1234,-
BIOETHICS,0269-9702,BIOETHICS [BIOETHICS] NLMUID: 8704792
BIOFOULING,0892-7014,-
BIOFUELS BIOPRODUCTS & BIOREFINING-BIOFPR,1932-104X,-
BIOGEOCHEMISTRY,0168-2563,BIOGEOCHEMISTRY
BIOLOGIA,0006-3088,-
BIOLOGICAL AGRICULTURE & HORTICULTURE,0144-8765,-
BIOLOGICAL BULLETIN,0006-3185,-
BIOLOGICAL CONSERVATION,0006-3207,-
BIOLOGICAL CONTROL,1049-9644,-
BIOLOGICAL INVASIONS,1387-3547,-
BIOLOGICAL JOURNAL OF THE LINNEAN SOCIETY,0024-4066,-
BIOLOGICAL REVIEWS,1464-7931,BIOLOGICAL REVIEWS OF THE CAMBRIDGE PHILOSOPHICAL SOCIETY [BIOL REV CAMB PHILOS SOC] NLMUID: 0414576
BIOLOGY AND ENVIRONMENT-PROCEEDINGS OF THE ROYAL IRISH ACADEMY,0791-7945,-
BIOLOGY LETTERS,1744-9561,-
BIOMASS & BIOENERGY,0961-9534,-
BIOMETRICS,0006-341X,BIOMETRICS [BIOMETRICS] NLMUID: 0370625
BIOSCIENCE,0006-3568,-
BIOSYSTEMS DIVERSITY,2310-0842,-
BIOTA NEOTROPICA,1676-0603,-
BIOTECHNOLOGY & BIOTECHNOLOGICAL EQUIPMENT,1310-2818,-
BIOTECHNOLOGY ADVANCES,0734-9750,-
BIOTROPICA,0006-3606,-
BIRD CONSERVATION INTERNATIONAL,0959-2709,-
BIRD STUDY,0006-3657,-
BOIS ET FORETS DES TROPIQUES,0006-579X,-
BOREAL ENVIRONMENT RESEARCH,1239-6095,BOREAL ENVIRONMENT RESEARCH
BOSQUE,0717-9200,-
BOSTON UNIVERSITY LAW REVIEW,0006-8047,BOSTON UNIVERSITY LAW REVIEW
BOTANICAL JOURNAL OF THE LINNEAN SOCIETY,0024-4074,-
BOTANICAL REVIEW,0006-8101,-
BOTANY,1916-2790,BOTANY
BOTANY LETTERS,2381-8107,-
BRAZILIAN ARCHIVES OF BIOLOGY AND TECHNOLOGY,1516-8913,-
BRAZILIAN JOURNAL OF BIOLOGY,1519-6984,-
BRAZILIAN JOURNAL OF BOTANY,0100-8404,-
BRAZILIAN JOURNAL OF OCEANOGRAPHY,1679-8759,-
BRITISH FOOD JOURNAL,0007-070X,-
BUILDING AND ENVIRONMENT,0360-1323,-
BUILDING RESEARCH AND INFORMATION,0961-3218,BUILDING RESEARCH AND INFORMATION
BULGARIAN CHEMICAL COMMUNICATIONS,0324-1130,-
BULGARIAN JOURNAL OF AGRICULTURAL SCIENCE,1310-0351,-
BULLETIN FRANCAIS DE LA PECHE ET DE LA PISCICULTURE,0767-2861,-
BULLETIN OF ENTOMOLOGICAL RESEARCH,0007-4853,-
BULLETIN OF MARINE SCIENCE,0007-4977,-
BULLETIN OF MATHEMATICAL BIOLOGY,0092-8240,-
BULLETIN OF THE AMERICAN METEOROLOGICAL SOCIETY,0003-0007,BULLETIN OF THE AMERICAN METEOROLOGICAL SOCIETY
BULLETIN OF THE NATIONAL ACADEMY OF SCIENCES OF THE REPUBLIC OF KAZAKHSTAN,1991-3494,-
BULLETIN OF THE PEABODY MUSEUM OF NATURAL HISTORY,0079-032X,-
BUSINESS & SOCIETY,0007-6503,-
BUSINESS STRATEGY AND THE ENVIRONMENT,0964-4733,-
CAHIERS DE BIOLOGIE MARINE,0007-9723,-
CANADIAN ENTOMOLOGIST,0008-347X,-
CANADIAN GEOGRAPHER-GEOGRAPHE CANADIEN,0008-3658,-
CANADIAN JOURNAL OF AGRICULTURAL ECONOMICS-REVUE CANADIENNE D AGROECONOMIE,0008-3976,-
CANADIAN JOURNAL OF BOTANY-REVUE CANADIENNE DE BOTANIQUE,0008-4026,-
CANADIAN JOURNAL OF DEVELOPMENT STUDIES-REVUE CANADIENNE D ETUDES DU DEVELOPPEMENT,0225-5189,-
CANADIAN JOURNAL OF FISHERIES AND AQUATIC SCIENCES,0706-652X,-
CANADIAN JOURNAL OF FOREST RESEARCH,0045-5067,-
CANADIAN JOURNAL OF PLANT SCIENCE,0008-4220,-
CANADIAN JOURNAL OF REMOTE SENSING,0703-8992,-
CANADIAN JOURNAL OF SOIL SCIENCE,0008-4271,-
CANADIAN JOURNAL OF ZOOLOGY,0008-4301,-
CANADIAN PUBLIC POLICY-ANALYSE DE POLITIQUES,0317-0861,-
CANADIAN WATER RESOURCES JOURNAL,0701-1784,-
CANDOLLEA,0373-2967,-
CARBON MANAGEMENT,1758-3004,-
CARPATHIAN JOURNAL OF EARTH AND ENVIRONMENTAL SCIENCES,1842-4090,-
CASTANEA,0008-7475,CASTANEA
CATENA,0341-8162,-
CCAMLR SCIENCE,1023-4063,-
CENTRAL EUROPEAN FORESTRY JOURNAL,2454-034X,-
CENTRAL EUROPEAN JOURNAL OF BIOLOGY,1895-104X,-
CENTRAL EUROPEAN JOURNAL OF OPERATIONS RESEARCH,1435-246X,CENTRAL EUROPEAN JOURNAL OF OPERATIONS RESEARCH
CEREAL RESEARCH COMMUNICATIONS,0133-3720,-
CHAOS SOLITONS & FRACTALS,0960-0779,-
CHELONIAN CONSERVATION AND BIOLOGY,1071-8443,CHELONIAN CONSERVATION AND BIOLOGY
CHEMISTRY AND ECOLOGY,0275-7540,-
CHEMOECOLOGY,0937-7409,-
CHEMOSPHERE,0045-6535,-
CHIANG MAI JOURNAL OF SCIENCE,0125-2526,-
CHINA ECONOMIC REVIEW,1043-951X,CHINA ECONOMIC REVIEW
CHINA OCEAN ENGINEERING,0890-5487,-
CHINESE GEOGRAPHICAL SCIENCE,1002-0063,-
CHINESE JOURNAL OF INTERNATIONAL LAW,1540-1650,-
CHINESE JOURNAL OF OCEANOLOGY AND LIMNOLOGY,0254-4059,-
CHINESE JOURNAL OF POPULATION RESOURCES AND ENVIRONMENT,1004-2857,-
CHINESE SCIENCE BULLETIN,1001-6538,-
CHUNGARA-REVISTA DE ANTROPOLOGIA CHILENA,0716-1182,-
CIENCIA & SAUDE COLETIVA,1413-8123,-
CIENCIAS MARINAS,0185-3880,CIENCIAS MARINAS
CITIES,0264-2751,-
CIVIL AND ENVIRONMENTAL ENGINEERING REPORTS,2080-5187,-
CLEAN-SOIL AIR WATER,1863-0650,-
CLEAN TECHNOLOGIES AND ENVIRONMENTAL POLICY,1618-954X,CLEAN TECHNOLOGIES AND ENVIRONMENTAL POLICY
CLIMATE AND DEVELOPMENT,1756-5529,-
CLIMATE DYNAMICS,0930-7575,-
CLIMATE POLICY,1469-3062,-
CLIMATE RESEARCH,0936-577X,-
CLIMATE RISK MANAGEMENT,2212-0963,-
CLIMATIC CHANGE,0165-0009,-
COASTAL MANAGEMENT,0892-0753,-
COLD REGIONS SCIENCE AND TECHNOLOGY,0165-232X,-
COMMUNICATIO-SOUTH AFRICAN JOURNAL FOR COMMUNICATION THEORY AND RESEARCH,0250-0167,-
COMMUNICATIONS IN NONLINEAR SCIENCE AND NUMERICAL SIMULATION,1007-5704,-
COMMUNITY ECOLOGY,1585-8553,-
COMPARATIVE BIOCHEMISTRY AND PHYSIOLOGY A-MOLECULAR & INTEGRATIVE PHYSIOLOGY,1095-6433,-
COMPARATIVE COGNITION & BEHAVIOR REVIEWS,1911-4745,COMPARATIVE COGNITION & BEHAVIOR REVIEWS
COMPARATIVE POLITICS,0010-4159,-
COMPTES RENDUS BIOLOGIES,1631-0691,-
COMPTES RENDUS GEOSCIENCE,1631-0713,COMPTES RENDUS DE L'ACADÉMIE DES SCIENCES.
COMPUTATIONAL & APPLIED MATHEMATICS,0101-8205,COMPUTATIONAL & APPLIED MATHEMATICS
COMPUTER JOURNAL,0010-4620,-
COMPUTERS & GEOSCIENCES,0098-3004,-
COMPUTERS AND ELECTRONICS IN AGRICULTURE,0168-1699,-
COMPUTERS ENVIRONMENT AND URBAN SYSTEMS,0198-9715,-
CONDOR,0010-5422,-
CONFIGURATIONS,1063-1801,-
CONSERVATION & SOCIETY,0972-4923,CONSERVATION & SOCIETY
CONSERVATION BIOLOGY,0888-8892,-
CONSERVATION ECOLOGY,1195-5449,CONSERVATION ECOLOGY (11955449)
CONSERVATION GENETICS,1566-0621,-
CONSERVATION GENETICS RESOURCES,1877-7252,-
CONSERVATION LETTERS,1755-263X,CONSERVATION LETTERS
CONSERVATION PHYSIOLOGY,2051-1434,-
CONTEMPORARY PROBLEMS OF ECOLOGY,1995-4255,CONTEMPORARY PROBLEMS OF ECOLOGY
CONTEMPORARY TRENDS IN GEOSCIENCE,2084-5707,-
CONTINENTAL SHELF RESEARCH,0278-4343,-
COPEIA,0045-8511,-
CORAL REEFS,0722-4028,CORAL REEFS
CRITICAL REVIEWS IN BIOTECHNOLOGY,0738-8551,CRITICAL REVIEWS IN BIOTECHNOLOGY [CRIT REV BIOTECHNOL] NLMUID: 8505177
CRITICAL REVIEWS IN ENVIRONMENTAL SCIENCE AND TECHNOLOGY,1064-3389,-
CRITICAL REVIEWS IN PLANT SCIENCES,0735-2689,-
CRITICAL REVIEWS IN TOXICOLOGY,1040-8444,CRITICAL REVIEWS IN TOXICOLOGY [CRIT REV TOXICOL] NLMUID: 8914275
CROP & PASTURE SCIENCE,1836-0947,-
CROP PROTECTION,0261-2194,-
CROP SCIENCE,0011-183X,-
CROSS-CULTURAL RESEARCH,1069-3971,-
CRUSTACEANA,0011-216X,-
CRYPTOGAMIE BRYOLOGIE,1290-0796,-
CRYPTOGAMIE MYCOLOGIE,0181-1584,-
CUADERNOS DE BIOETICA,1132-1989,-
CUADERNOS DE INVESTIGACION GEOGRAFICA,0211-6820,-
CUBAN JOURNAL OF AGRICULTURAL SCIENCE,0864-0408,-
CULTURAL ANTHROPOLOGY,0886-7356,-
CURRENT ANTHROPOLOGY,0011-3204,-
CURRENT BIOLOGY,0960-9822,-
CURRENT FORESTRY REPORTS,2198-6436,-
CURRENT ISSUES IN TOURISM,1368-3500,-
CURRENT OPINION IN BEHAVIORAL SCIENCES,2352-1546,-
CURRENT OPINION IN ENVIRONMENTAL SUSTAINABILITY,1877-3435,-
CURRENT OPINION IN INSECT SCIENCE,2214-5745,-
CURRENT OPINION IN MICROBIOLOGY,1369-5274,-
CURRENT SCIENCE,0011-3891,CURRENT SCIENCE (00113891)
CURRENT SOCIOLOGY,0011-3921,-
CURRENT ZOOLOGY,1674-5507,-
CUSTOS E AGRONEGOCIO ON LINE,1808-2882,-
DATA IN BRIEF,2352-3409,DATA IN BRIEF
DEEP-SEA RESEARCH PART I-OCEANOGRAPHIC RESEARCH PAPERS,0967-0637,-
DEEP-SEA RESEARCH PART II-TOPICAL STUDIES IN OCEANOGRAPHY,0967-0645,-
DENDROBIOLOGY,1641-1307,DENDROBIOLOGY
DESALINATION,0011-9164,-
DESALINATION AND WATER TREATMENT,1944-3994,DESALINATION & WATER TREATMENT
DESENVOLVIMENTO E MEIO AMBIENTE,1518-952X,-
DEVELOPMENT AND CHANGE,0012-155X,-
DEVELOPMENT POLICY REVIEW,0950-6764,-
DEVELOPMENT SOUTHERN AFRICA,0376-835X,DEVELOPMENT SOUTHERN AFRICA
DIATOM RESEARCH,0269-249X,-
DIFFERENTIAL EQUATIONS AND DYNAMICAL SYSTEMS,0971-3514,-
DISASTER ADVANCES,0974-262X,-
DISASTER PREVENTION AND MANAGEMENT,0965-3562,-
DISASTERS,0361-3666,DISASTERS
DISEASES OF AQUATIC ORGANISMS,0177-5103,-
DIVERSITY AND DISTRIBUTIONS,1366-9516,-
EARTH-SCIENCE REVIEWS,0012-8252,-
EARTH AND ENVIRONMENTAL SCIENCE TRANSACTIONS OF THE ROYAL SOCIETY OF EDINBURGH,1755-6910,-
EARTH INTERACTIONS,1087-3562,EARTH INTERACTIONS
EARTHS FUTURE,2328-4277,EARTH'S FUTURE
ECO MONT-JOURNAL ON PROTECTED MOUNTAIN AREAS RESEARCH,2073-106X,-
ECOGRAPHY,0906-7590,-
ECOHEALTH,1612-9202,-
ECOHYDROLOGY,1936-0584,ECOHYDROLOGY
ECOHYDROLOGY & HYDROBIOLOGY,1642-3593,INTERNATIONAL JOURNAL OF ECOHYDROLOGY & HYDROBIOLOGY
ECOLOGICAL APPLICATIONS,1051-0761,-
ECOLOGICAL COMPLEXITY,1476-945X,-
ECOLOGICAL ECONOMICS,0921-8009,-
ECOLOGICAL ENGINEERING,0925-8574,-
ECOLOGICAL ENTOMOLOGY,0307-6946,-
ECOLOGICAL INDICATORS,1470-160X,-
ECOLOGICAL INFORMATICS,1574-9541,-
ECOLOGICAL MANAGEMENT & RESTORATION,1442-7001,-
ECOLOGICAL MODELLING,0304-3800,-
ECOLOGICAL MONOGRAPHS,0012-9615,-
ECOLOGICAL QUESTIONS,1644-7298,-
ECOLOGICAL RESEARCH,0912-3814,-
ECOLOGICAL RESTORATION,1543-4060,ECOLOGICAL RESTORATION
ECOLOGY,0012-9658,-
ECOLOGY AND EVOLUTION,2045-7758,ECOLOGY AND EVOLUTION.
ECOLOGY AND SOCIETY,1708-3087,ECOLOGY AND SOCIETY
ECOLOGY LAW QUARTERLY,0046-1121,ECOLOGY LAW QUARTERLY
ECOLOGY LETTERS,1461-023X,-
ECOLOGY OF FRESHWATER FISH,0906-6691,-
ECONOMIC AND LABOUR RELATIONS REVIEW,1035-3046,-
ECONOMIC AND SOCIAL CHANGES-FACTS TRENDS FORECAST,2307-0331,-
ECONOMIC BOTANY,0013-0001,-
ECONOMIC RESEARCH-EKONOMSKA ISTRAZIVANJA,1331-677X,-
ECONOMIC SYSTEMS RESEARCH,0953-5314,-
ECONOMIC THEORY,0938-2259,-
ECOSCIENCE,1195-6860,ECOSCIENCE
ECOSPHERE,2150-8925,-
ECOSYSTEM HEALTH,1076-2825,-
ECOSYSTEM SERVICES,2212-0416,ECOSYSTEM SERVICES
ECOSYSTEMS,1432-9840,-
ECOTOXICOLOGY,0963-9292,ECOTOXICOLOGY
ECOTOXICOLOGY AND ENVIRONMENTAL SAFETY,0147-6513,-
ECOTROPICA,0949-3026,-
EGYPTIAN JOURNAL OF REMOTE SENSING AND SPACE SCIENCES,1110-9823,-
EKOLOGIA-BRATISLAVA,1335-342X,-
EKOLOJI,1300-1361,EKOLOJI DERGISI
ELEMENTA-SCIENCE OF THE ANTHROPOCENE,2325-1026,-
EMERGING INFECTIOUS DISEASES,1080-6040,EMERGING INFECTIOUS DISEASES
EMU,0158-4197,-
ENDANGERED SPECIES RESEARCH,1863-5407,-
ENERGY AND BUILDINGS,0378-7788,-
ENERGY CONVERSION AND MANAGEMENT,0196-8904,-
ENERGY ECONOMICS,0140-9883,-
ENERGY POLICY,0301-4215,-
ENERGY RESEARCH & SOCIAL SCIENCE,2214-6296,ENERGY RESEARCH & SOCIAL SCIENCE
ENERGY SOURCES PART A-RECOVERY UTILIZATION AND ENVIRONMENTAL EFFECTS,1556-7036,-
ENGENHARIA AGRICOLA,0100-6916,-
ENGINEERING,2095-8099,ENGINEERING /
ENGINEERING APPLICATIONS OF ARTIFICIAL INTELLIGENCE,0952-1976,-
ENTOMOLOGIA EXPERIMENTALIS ET APPLICATA,0013-8703,-
ENTREPRENEURSHIP AND REGIONAL DEVELOPMENT,0898-5626,-
ENVIRONMENT,0013-9157,ENVIRONMENT
ENVIRONMENT AND BEHAVIOR,0013-9165,-
ENVIRONMENT AND DEVELOPMENT ECONOMICS,1355-770X,-
ENVIRONMENT AND HISTORY,0967-3407,ENVIRONMENT AND HISTORY
ENVIRONMENT AND PLANNING A,0308-518X,-
ENVIRONMENT AND PLANNING B-PLANNING & DESIGN,0265-8135,-
ENVIRONMENT AND PLANNING C-GOVERNMENT AND POLICY,0263-774X,-
ENVIRONMENT AND SOCIETY-ADVANCES IN RESEARCH,2150-6779,ENVIRONMENT & SOCIETY (2150-6779)
ENVIRONMENT AND URBANIZATION,0956-2478,-
ENVIRONMENT DEVELOPMENT AND SUSTAINABILITY,1387-585X,-
ENVIRONMENT INTERNATIONAL,0160-4120,-
ENVIRONMENTAL & RESOURCE ECONOMICS,0924-6460,ENVIRONMENTAL & RESOURCE ECONOMICS
ENVIRONMENTAL AND PLANNING LAW JOURNAL,0813-300X,-
ENVIRONMENTAL BIOLOGY OF FISHES,0378-1909,ENVIRONMENTAL BIOLOGY OF FISHES
ENVIRONMENTAL COMMUNICATION-A JOURNAL OF NATURE AND CULTURE,1752-4032,ENVIRONMENTAL COMMUNICATION
ENVIRONMENTAL CONSERVATION,0376-8929,-
ENVIRONMENTAL DEVELOPMENT,2211-4645,ENVIRONMENTAL DEVELOPMENT
ENVIRONMENTAL EARTH SCIENCES,1866-6280,ENVIRONMENTAL EARTH SCIENCES
ENVIRONMENTAL ENGINEERING AND MANAGEMENT JOURNAL,1582-9596,ENVIRONMENTAL ENGINEERING & MANAGEMENT JOURNAL (EEMJ)
ENVIRONMENTAL ENGINEERING SCIENCE,1092-8758,-
ENVIRONMENTAL ENTOMOLOGY,0046-225X,-
ENVIRONMENTAL ETHICS,0163-4275,ENVIRONMENTAL ETHICS
ENVIRONMENTAL FORENSICS,1527-5922,-
ENVIRONMENTAL GEOLOGY,0943-0105,-
ENVIRONMENTAL HAZARDS-HUMAN AND POLICY DIMENSIONS,1747-7891,-
ENVIRONMENTAL HEALTH PERSPECTIVES,0091-6765,ENVIRONMENTAL HEALTH PERSPECTIVES
ENVIRONMENTAL HISTORY,1084-5453,-
ENVIRONMENTAL IMPACT ASSESSMENT REVIEW,0195-9255,-
ENVIRONMENTAL MANAGEMENT,0364-152X,ENVIRONMENTAL MANAGEMENT
ENVIRONMENTAL MICROBIOLOGY REPORTS,1758-2229,ENVIRONMENTAL MICROBIOLOGY REPORTS
ENVIRONMENTAL MODELING & ASSESSMENT,1420-2026,-
ENVIRONMENTAL MODELLING & SOFTWARE,1364-8152,-
ENVIRONMENTAL MONITORING AND ASSESSMENT,0167-6369,ENVIRONMENTAL MONITORING AND ASSESSMENT
ENVIRONMENTAL POLICY AND GOVERNANCE,1756-932X,ENVIRONMENTAL POLICY AND GOVERNANCE
ENVIRONMENTAL POLITICS,0964-4016,ENVIRONMENTAL POLITICS
ENVIRONMENTAL POLLUTION,0269-7491,-
ENVIRONMENTAL PRACTICE,1466-0466,-
ENVIRONMENTAL PROGRESS & SUSTAINABLE ENERGY,1944-7442,ENVIRONMENTAL PROGRESS & SUSTAINABLE ENERGY
ENVIRONMENTAL RESEARCH,0013-9351,-
ENVIRONMENTAL RESEARCH LETTERS,1748-9326,-
ENVIRONMENTAL REVIEWS,1208-6053,ENVIRONMENTAL REVIEWS
ENVIRONMENTAL SCIENCE & POLICY,1462-9011,-
ENVIRONMENTAL SCIENCE & TECHNOLOGY,0013-936X,-
ENVIRONMENTAL SCIENCE AND POLLUTION RESEARCH,0944-1344,ENVIRONMENTAL SCIENCE AND POLLUTION RESEARCH INTERNATIONAL
ENVIRONMENTAL SOCIOLOGY,2325-1042,-
ENVIRONMENTAL TECHNOLOGY,0959-3330,-
ENVIRONMENTAL TECHNOLOGY & INNOVATION,2352-1864,ENVIRONMENTAL TECHNOLOGY & INNOVATION
ENVIRONMENTAL TOXICOLOGY AND CHEMISTRY,0730-7268,-
ENVIRONMENTAL VALUES,0963-2719,ENVIRONMENTAL VALUES
ENVIRONMETRICS,1180-4009,-
EPIDEMIOLOGY AND INFECTION,0950-2688,-
EPISODES,0705-3797,-
ERDKUNDE,0014-0015,-
ESTUARIES,0160-8347,-
ESTUARIES AND COASTS,1559-2723,ESTUARIES AND COASTS
ESTUARINE COASTAL AND SHELF SCIENCE,0272-7714,-
ETHNOBIOLOGY LETTERS,2159-8126,-
EUPHYTICA,0014-2336,-
EUROPE-ASIA STUDIES,0966-8136,-
EUROPEAN COUNTRYSIDE,1803-8417,EUROPEAN COUNTRYSIDE
EUROPEAN JOURNAL OF AGRONOMY,1161-0301,-
EUROPEAN JOURNAL OF EDUCATION,0141-8211,-
EUROPEAN JOURNAL OF FOREST RESEARCH,1612-4669,-
EUROPEAN JOURNAL OF INTERNATIONAL LAW,0938-5428,-
EUROPEAN JOURNAL OF PHYCOLOGY,0967-0262,-
EUROPEAN JOURNAL OF PLANT PATHOLOGY,0929-1873,EUROPEAN JOURNAL OF PLANT PATHOLOGY
EUROPEAN JOURNAL OF PROTISTOLOGY,0932-4739,-
EUROPEAN JOURNAL OF SOIL BIOLOGY,1164-5563,-
EUROPEAN JOURNAL OF SOIL SCIENCE,1351-0754,-
EUROPEAN JOURNAL OF SUSTAINABLE DEVELOPMENT,2239-5938,-
EUROPEAN JOURNAL OF WILDLIFE RESEARCH,1612-4642,-
EUROPEAN PLANNING STUDIES,0965-4313,EUROPEAN PLANNING STUDIES
EUROPEAN ZOOLOGICAL JOURNAL,2475-0263,-
EVIDENCE & POLICY,1744-2648,EVIDENCE & POLICY
EVOLUTION,0014-3820,-
EVOLUTIONARY APPLICATIONS,1752-4571,-
EVOLUTIONARY ECOLOGY,0269-7653,EVOLUTIONARY ECOLOGY
EVOLUTIONARY ECOLOGY RESEARCH,1522-0613,-
EXPERIMENTAL AGRICULTURE,0014-4797,-
EXPERIMENTAL AND APPLIED ACAROLOGY,0168-8162,EXPERIMENTAL & APPLIED ACAROLOGY
EXTREMOPHILES,1431-0651,EXTREMOPHILES: LIFE UNDER EXTREME CONDITIONS [EXTREMOPHILES] NLMUID: 9706854
FEMS MICROBIOLOGY LETTERS,0378-1097,FEMS MICROBIOLOGY LETTERS [FEMS MICROBIOL LETT] NLMUID: 7705721
FIELD CROPS RESEARCH,0378-4290,-
FISH AND FISHERIES,1467-2960,FISH AND FISHERIES
FISHERIES,0363-2415,-
FISHERIES MANAGEMENT AND ECOLOGY,0969-997X,-
FISHERIES OCEANOGRAPHY,1054-6006,-
FISHERIES RESEARCH,0165-7836,-
FISHERIES SCIENCE,0919-9268,-
FISHERY BULLETIN,0090-0656,-
FLORA,0367-2530,-
FLORESTA E AMBIENTE,2179-8087,-
FLORIDA ENTOMOLOGIST,0015-4040,THE FLORIDA ENTOMOLOGIST
FOLIA GEOBOTANICA,1211-9520,FOLIA GEOBOTANICA
FOLIA PRIMATOLOGICA,0015-5713,-
FOLIA ZOOLOGICA,0139-7893,FOLIA ZOOLOGICA
FOOD CONTROL,0956-7135,-
FOOD POLICY,0306-9192,-
FOOD RESEARCH INTERNATIONAL,0963-9969,-
FOOD SECURITY,1876-4517,-
FORENSIC SCIENCE INTERNATIONAL GENETICS SUPPLEMENT SERIES,1875-1768,FORENSIC SCIENCE INTERNATIONAL.
FOREST AND SOCIETY,2549-4724,-
FOREST ECOLOGY AND MANAGEMENT,0378-1127,-
FOREST PATHOLOGY,1437-4781,-
FOREST POLICY AND ECONOMICS,1389-9341,-
FOREST SCIENCE,0015-749X,-
FOREST SYSTEMS,2171-5068,-
FORESTRY,0015-752X,-
FORESTRY CHRONICLE,0015-7546,-
FORSTWISSENSCHAFTLICHES CENTRALBLATT,0015-8003,-
FORUM FOR DEVELOPMENT STUDIES,0803-9410,-
FRESENIUS ENVIRONMENTAL BULLETIN,1018-4619,-
FRESHWATER BIOLOGY,0046-5070,-
FRESHWATER SCIENCE,2161-9549,FRESHWATER SCIENCE
FRONTIERS IN ECOLOGY AND THE ENVIRONMENT,1540-9295,-
FRONTIERS OF AGRICULTURAL SCIENCE AND ENGINEERING,2095-7505,-
FRONTIERS OF EARTH SCIENCE,2095-0195,-
FUNCTIONAL ECOLOGY,0269-8463,-
FUNDAMENTAL AND APPLIED LIMNOLOGY,1863-9135,-
FUNGAL BIOLOGY REVIEWS,1749-4613,-
FUNGAL ECOLOGY,1754-5048,-
FUTURES,0016-3287,-
GAIA-ECOLOGICAL PERSPECTIVES FOR SCIENCE AND SOCIETY,0940-5550,GAIA: ECOLOGICAL PERSPECTIVES FOR SCIENCE & SOCIETY
GENDER PLACE AND CULTURE,0966-369X,-
GENERAL AND COMPARATIVE ENDOCRINOLOGY,0016-6480,-
GENES & GENOMICS,1976-9571,-
GENETIC RESOURCES AND CROP EVOLUTION,0925-9864,-
GENETICS AND MOLECULAR RESEARCH,1676-5680,-
GENOME,0831-2796,GENOME / NATIONAL RESEARCH COUNCIL CANADA = GEŒÜNOME / CONSEIL NATIONAL DE RECHERCHES CANADA [GENOME] NLMUID: 8704544
GEO-GEOGRAPHY AND ENVIRONMENT,2054-4049,-
GEOCARTO INTERNATIONAL,1010-6049,-
GEODERMA,0016-7061,-
GEOFORUM,0016-7185,-
GEOGRAFISK TIDSSKRIFT-DANISH JOURNAL OF GEOGRAPHY,0016-7223,-
GEOGRAPHICAL JOURNAL,0016-7398,-
GEOGRAPHICAL RESEARCH,1745-5863,GEOGRAPHICAL RESEARCH
GEOGRAPHICAL REVIEW,0016-7428,GEOGRAPHICAL REVIEW
GEOHEALTH,2471-1403,-
GEOJOURNAL,0343-2521,GEOJOURNAL
GEOLOGICA CARPATHICA,1335-0552,-
GEOLOGY,0091-7613,-
GEOMORPHOLOGY,0169-555X,-
GEOPHYSICAL RESEARCH LETTERS,0094-8276,-
GEOSPATIAL HEALTH,1827-1987,-
GEOTHERMICS,0375-6505,-
GISCIENCE & REMOTE SENSING,1548-1603,-
GLOBAL AND PLANETARY CHANGE,0921-8181,-
GLOBAL CHANGE BIOLOGY,1354-1013,-
GLOBAL CHANGE BIOLOGY BIOENERGY,1757-1693,GCB BIOENERGY
GLOBAL ECOLOGY AND BIOGEOGRAPHY,1466-822X,-
GLOBAL ECOLOGY AND CONSERVATION,2351-9894,GLOBAL ECOLOGY AND CONSERVATION
GLOBAL ENVIRONMENTAL CHANGE-HUMAN AND POLICY DIMENSIONS,0959-3780,-
GLOBAL ENVIRONMENTAL POLITICS,1526-3800,-
GLOBAL FOOD SECURITY-AGRICULTURE POLICY ECONOMICS AND ENVIRONMENT,2211-9124,GLOBAL FOOD SECURITY
GLOBAL POLICY,1758-5880,-
GRASS AND FORAGE SCIENCE,0142-5242,-
GRASSLAND SCIENCE,1744-6961,GRASSLAND SCIENCE
GRIFFITH LAW REVIEW,1038-3441,GRIFFITH LAW REVIEW
GROUND WATER,0017-467X,-
HABITAT INTERNATIONAL,0197-3975,-
HARMFUL ALGAE,1568-9883,-
HARVARD ENVIRONMENTAL LAW REVIEW,0147-8257,HARVARD ENVIRONMENTAL LAW REVIEW
HELIYON,2405-8440,HELIYON
HERALD OF AN ARCHIVIST,2073-0101,-
HEREDITY,0018-067X,HEREDITY [HEREDITY (EDINB)] NLMUID: 0373007
HERPETOLOGICA,0018-0831,HERPETOLOGICA
HERPETOLOGICAL CONSERVATION AND BIOLOGY,2151-0733,-
HERPETOLOGICAL JOURNAL,0268-0130,-
HERPETOZOA,1013-4425,-
HISTORICAL RECORDS OF AUSTRALIAN SCIENCE,0727-3061,-
HISTORICAL STUDIES IN THE NATURAL SCIENCES,1939-1811,-
HOLOCENE,0959-6836,THE HOLOCENE
HORTSCIENCE,0018-5345,-
HORTTECHNOLOGY,1063-0198,-
HUMAN AND ECOLOGICAL RISK ASSESSMENT,1080-7039,-
HUMAN DIMENSIONS OF WILDLIFE,1087-1209,-
HUMAN ECOLOGY,0300-7839,-
HUMAN ECOLOGY REVIEW,1074-4827,HUMAN ECOLOGY REVIEW
HUMAN ORGANIZATION,0018-7259,-
HUMAN RIGHTS QUARTERLY,0275-0392,-
HYDROBIOLOGIA,0018-8158,HYDROBIOLOGIA
HYDROGEOLOGY JOURNAL,1431-2174,-
HYDROLOGICAL PROCESSES,0885-6087,-
HYDROLOGICAL SCIENCES JOURNAL-JOURNAL DES SCIENCES HYDROLOGIQUES,0262-6667,HYDROLOGICAL SCIENCES JOURNAL
HYDROLOGY RESEARCH,0029-1277,NORDIC HYDROLOGY
HYPATIA-A JOURNAL OF FEMINIST PHILOSOPHY,0887-5367,-
HYSTRIX-ITALIAN JOURNAL OF MAMMALOGY,0394-1914,-
IBIS,0019-1019,-
ICES JOURNAL OF MARINE SCIENCE,1054-3139,-
IDOJARAS,0324-6329,-
IDS BULLETIN-INSTITUTE OF DEVELOPMENT STUDIES,0265-5012,IDS BULLETIN
IEEE JOURNAL OF OCEANIC ENGINEERING,0364-9059,-
IEEE JOURNAL OF SELECTED TOPICS IN APPLIED EARTH OBSERVATIONS AND REMOTE SENSING,1939-1404,-
IEEE TRANSACTIONS ON AUTOMATION SCIENCE AND ENGINEERING,1545-5955,-
IEEE TRANSACTIONS ON GEOSCIENCE AND REMOTE SENSING,0196-2892,-
IEEE TRANSACTIONS ON INDUSTRIAL INFORMATICS,1551-3203,-
IEEE TRANSACTIONS ON SYSTEMS MAN AND CYBERNETICS PART A-SYSTEMS AND HUMANS,1083-4427,-
IEEE TRANSACTIONS ON SYSTEMS MAN CYBERNETICS-SYSTEMS,2168-2216,-
IFAC PAPERSONLINE,2405-8963,IFAC-PAPERSONLINE
IFOREST-BIOGEOSCIENCES AND FORESTRY,1971-7458,IFOREST - BIOGEOSCIENCES & FORESTRY
IHERINGIA SERIE ZOOLOGIA,0073-4721,-
ILAR JOURNAL,1084-2020,-
IN VITRO CELLULAR & DEVELOPMENTAL BIOLOGY-PLANT,1054-5476,-
INDIAN JOURNAL OF AGRICULTURAL SCIENCES,0019-5022,-
INDIAN JOURNAL OF ANIMAL SCIENCES,0367-8318,-
INDIAN JOURNAL OF GEO-MARINE SCIENCES,0379-5136,-
INDIAN JOURNAL OF TRADITIONAL KNOWLEDGE,0972-5938,-
INDO AMERICAN JOURNAL OF PHARMACEUTICAL SCIENCES,2349-7750,-
INDOOR AND BUILT ENVIRONMENT,1420-326X,-
INDUSTRIAL CROPS AND PRODUCTS,0926-6690,-
INFECTION GENETICS AND EVOLUTION,1567-1348,-
INFOR,0315-5986,INFOR
INFRARED PHYSICS & TECHNOLOGY,1350-4495,-
INLAND WATERS,2044-2041,-
INNOVATION-THE EUROPEAN JOURNAL OF SOCIAL SCIENCE RESEARCH,1351-1610,INNOVATION
INSECT CONSERVATION AND DIVERSITY,1752-458X,INSECT CONSERVATION & DIVERSITY
INSECT SCIENCE,1672-9609,INSECT SCIENCE
INTEGRATED ENVIRONMENTAL ASSESSMENT AND MANAGEMENT,1551-3777,-
INTEGRATIVE AND COMPARATIVE BIOLOGY,1540-7063,-
INTEGRATIVE ZOOLOGY,1749-4877,INTEGRATIVE ZOOLOGY
INTERCIENCIA,0378-1844,-
INTERFACE FOCUS,2042-8898,-
INTERNATIONAL AFFAIRS,0020-5850,INTERNATIONAL AFFAIRS
INTERNATIONAL BIODETERIORATION & BIODEGRADATION,0964-8305,-
INTERNATIONAL ENVIRONMENTAL AGREEMENTS-POLITICS LAW AND ECONOMICS,1567-9764,INTERNATIONAL ENVIRONMENTAL AGREEMENTS
INTERNATIONAL FEMINIST JOURNAL OF POLITICS,1461-6742,INTERNATIONAL FEMINIST JOURNAL OF POLITICS
INTERNATIONAL FORESTRY REVIEW,1465-5489,-
INTERNATIONAL JOURNAL FOR PARASITOLOGY,0020-7519,-
INTERNATIONAL JOURNAL FOR PARASITOLOGY-PARASITES AND WILDLIFE,2213-2244,INTERNATIONAL JOURNAL FOR PARASITOLOGY.
INTERNATIONAL JOURNAL OF ADVANCED BIOTECHNOLOGY AND RESEARCH,0976-2612,-
INTERNATIONAL JOURNAL OF AGRICULTURAL AND BIOLOGICAL ENGINEERING,1934-6344,INTERNATIONAL JOURNAL OF AGRICULTURAL & BIOLOGICAL ENGINEERING
INTERNATIONAL JOURNAL OF AGRICULTURAL AND STATISTICAL SCIENCES,0973-1903,-
INTERNATIONAL JOURNAL OF AGRICULTURAL SUSTAINABILITY,1473-5903,-
INTERNATIONAL JOURNAL OF AGRICULTURE AND BIOLOGY,1560-8530,-
INTERNATIONAL JOURNAL OF APPLIED EARTH OBSERVATION AND GEOINFORMATION,1569-8432,-
INTERNATIONAL JOURNAL OF BIOMETEOROLOGY,0020-7128,-
INTERNATIONAL JOURNAL OF CIRCUMPOLAR HEALTH,1239-9736,INTERNATIONAL JOURNAL OF CIRCUMPOLAR HEALTH [INT J CIRCUMPOLAR HEALTH] NLMUID: 9713056
INTERNATIONAL JOURNAL OF CLIMATOLOGY,0899-8418,-
INTERNATIONAL JOURNAL OF CONSERVATION SCIENCE,2067-533X,-
INTERNATIONAL JOURNAL OF DIGITAL EARTH,1753-8947,INTERNATIONAL JOURNAL OF DIGITAL EARTH
INTERNATIONAL JOURNAL OF DISASTER RISK REDUCTION,2212-4209,INTERNATIONAL JOURNAL OF DISASTER RISK REDUCTION :
INTERNATIONAL JOURNAL OF ECOLOGICAL ECONOMICS & STATISTICS,0973-1385,-
INTERNATIONAL JOURNAL OF EMERGENCY MANAGEMENT,1471-4825,-
INTERNATIONAL JOURNAL OF ENGINEERING AND GEOSCIENCES,2548-0960,-
INTERNATIONAL JOURNAL OF ENVIRONMENT AND POLLUTION,0957-4352,-
INTERNATIONAL JOURNAL OF ENVIRONMENTAL RESEARCH,1735-6865,INTERNATIONAL JOURNAL OF ENVIRONMENTAL RESEARCH
INTERNATIONAL JOURNAL OF ENVIRONMENTAL SCIENCE AND TECHNOLOGY,1735-1472,INTERNATIONAL JOURNAL OF ENVIRONMENTAL SCIENCE & TECHNOLOGY (IJEST)
INTERNATIONAL JOURNAL OF EPIDEMIOLOGY,0300-5771,-
INTERNATIONAL JOURNAL OF GEOGRAPHICAL INFORMATION SCIENCE,1365-8816,INTERNATIONAL JOURNAL OF GEOGRAPHICAL INFORMATION SCIENCE
INTERNATIONAL JOURNAL OF GEOMATE,2186-2982,-
INTERNATIONAL JOURNAL OF GREENHOUSE GAS CONTROL,1750-5836,-
INTERNATIONAL JOURNAL OF HOSPITALITY MANAGEMENT,0278-4319,-
INTERNATIONAL JOURNAL OF HYDROGEN ENERGY,0360-3199,-
INTERNATIONAL JOURNAL OF HYGIENE AND ENVIRONMENTAL HEALTH,1438-4639,-
INTERNATIONAL JOURNAL OF LIFE CYCLE ASSESSMENT,0948-3349,THE INTERNATIONAL JOURNAL OF LIFE CYCLE ASSESSMENT
INTERNATIONAL JOURNAL OF NUMERICAL METHODS FOR HEAT & FLUID FLOW,0961-5539,-
INTERNATIONAL JOURNAL OF PEST MANAGEMENT,0967-0874,INTERNATIONAL JOURNAL OF PEST MANAGEMENT
INTERNATIONAL JOURNAL OF PHYTOREMEDIATION,1522-6514,-
INTERNATIONAL JOURNAL OF PLANT PRODUCTION,1735-6814,INTERNATIONAL JOURNAL OF PLANT PRODUCTION
INTERNATIONAL JOURNAL OF PLANT SCIENCES,1058-5893,-
INTERNATIONAL JOURNAL OF PRIMATOLOGY,0164-0291,INTERNATIONAL JOURNAL OF PRIMATOLOGY
INTERNATIONAL JOURNAL OF REMOTE SENSING,0143-1161,-
INTERNATIONAL JOURNAL OF RIVER BASIN MANAGEMENT,1571-5124,-
INTERNATIONAL JOURNAL OF SUSTAINABLE DEVELOPMENT AND WORLD ECOLOGY,1350-4509,-
INTERNATIONAL JOURNAL OF TOURISM RESEARCH,1099-2340,-
INTERNATIONAL JOURNAL OF URBAN SCIENCES,1226-5934,-
INTERNATIONAL JOURNAL OF WATER RESOURCES DEVELOPMENT,0790-0627,-
INTERNATIONAL JOURNAL OF WILDLAND FIRE,1049-8001,-
INTERNATIONAL LETTERS OF NATURAL SCIENCES,2300-9675,-
INTERNATIONAL REVIEW OF HYDROBIOLOGY,1434-2944,-
INTERNATIONAL SOCIAL SCIENCE JOURNAL,0020-8701,-
INTERNATIONAL SOIL AND WATER CONSERVATION RESEARCH,2095-6339,-
INVASIVE PLANT SCIENCE AND MANAGEMENT,1939-7291,-
INVESTIGACION AGRARIA-SISTEMAS Y RECURSOS FORESTALES,1131-7965,-
INZINERINE EKONOMIKA-ENGINEERING ECONOMICS,1392-2785,ENGINEERING ECONOMICS
IRANIAN JOURNAL OF ENVIRONMENTAL HEALTH SCIENCE & ENGINEERING,1735-1979,IRANIAN JOURNAL OF ENVIRONMENTAL HEALTH SCIENCE & ENGINEERING (IJEHSE)
IRRIGATION AND DRAINAGE,1531-0353,-
ISLAND STUDIES JOURNAL,1715-2593,ISLAND STUDIES JOURNAL
ISPRS JOURNAL OF PHOTOGRAMMETRY AND REMOTE SENSING,0924-2716,-
ISRAEL JOURNAL OF ECOLOGY & EVOLUTION,1565-9801,-
ISRAEL JOURNAL OF PLANT SCIENCES,0792-9978,-
ISRAEL JOURNAL OF ZOOLOGY,0021-2210,-
ITALIAN JOURNAL OF ZOOLOGY,1125-0003,-
JASSS-THE JOURNAL OF ARTIFICIAL SOCIETIES AND SOCIAL SIMULATION,1460-7425,JOURNAL OF ARTIFICIAL SOCIETIES AND SOCIAL SIMULATION
JOURNAL FOR NATURE CONSERVATION,1617-1381,-
JOURNAL FUR VERBRAUCHERSCHUTZ UND LEBENSMITTELSICHERHEIT-JOURNAL OF CONSUMER PROTECTION AND FOOD SAFETY,1661-5751,-
JOURNAL OF AGRICULTURAL & ENVIRONMENTAL ETHICS,1187-7863,JOURNAL OF AGRICULTURAL & ENVIRONMENTAL ETHICS
JOURNAL OF AGRICULTURAL BIOLOGICAL AND ENVIRONMENTAL STATISTICS,1085-7117,-
JOURNAL OF AGRICULTURAL ECONOMICS,0021-857X,-
JOURNAL OF AGRICULTURAL EDUCATION & EXTENSION,1389-224X,-
JOURNAL OF AGRICULTURAL ENGINEERING,1974-7071,-
JOURNAL OF AGRICULTURAL SCIENCE,0021-8596,-
JOURNAL OF AGRICULTURAL SCIENCE AND TECHNOLOGY,1680-7073,-
JOURNAL OF AGROMETEOROLOGY,0972-1665,-
JOURNAL OF ANIMAL AND PLANT SCIENCES,1018-7081,JAPS: JOURNAL OF ANIMAL & PLANT SCIENCES
JOURNAL OF ANIMAL ECOLOGY,0021-8790,-
JOURNAL OF ANIMAL SCIENCE,0021-8812,-
JOURNAL OF APICULTURAL RESEARCH,0021-8839,-
JOURNAL OF APPLIED ECOLOGY,0021-8901,-
JOURNAL OF APPLIED ENTOMOLOGY,0931-2048,-
JOURNAL OF APPLIED GENETICS,1234-1983,-
JOURNAL OF APPLIED ICHTHYOLOGY,0175-8659,-
JOURNAL OF APPLIED METEOROLOGY,0894-8763,JOURNAL OF APPLIED METEOROLOGY
JOURNAL OF APPLIED METEOROLOGY AND CLIMATOLOGY,1558-8424,-
JOURNAL OF APPLIED PHYCOLOGY,0921-8971,-
JOURNAL OF APPLIED REMOTE SENSING,1931-3195,-
JOURNAL OF AQUATIC PLANT MANAGEMENT,0146-6623,-
JOURNAL OF ARCHAEOLOGICAL RESEARCH,1059-0161,-
JOURNAL OF ARCHAEOLOGICAL SCIENCE,0305-4403,-
JOURNAL OF ARID ENVIRONMENTS,0140-1963,-
JOURNAL OF ARID LAND,1674-6767,-
JOURNAL OF ARTHROPOD-BORNE DISEASES,2322-1984,-
JOURNAL OF ASIA-PACIFIC ENTOMOLOGY,1226-8615,-
JOURNAL OF AVIAN BIOLOGY,0908-8857,-
JOURNAL OF BASIC MICROBIOLOGY,0233-111X,-
JOURNAL OF BIOENERGY AND FOOD SCIENCE,2359-2710,-
JOURNAL OF BIOGEOGRAPHY,0305-0270,-
JOURNAL OF BIOLOGICAL DYNAMICS,1751-3758,-
JOURNAL OF BIOLOGICAL PHYSICS,0092-0606,JOURNAL OF BIOLOGICAL PHYSICS
JOURNAL OF BIOLOGICAL SYSTEMS,0218-3390,JOURNAL OF BIOLOGICAL SYSTEMS
JOURNAL OF BRYOLOGY,0373-6687,JOURNAL OF BRYOLOGY
JOURNAL OF BUSINESS ETHICS,0167-4544,JOURNAL OF BUSINESS ETHICS
JOURNAL OF CHEMICAL ECOLOGY,0098-0331,-
JOURNAL OF CHEMICAL TECHNOLOGY AND BIOTECHNOLOGY,0268-2575,-
JOURNAL OF CLEANER PRODUCTION,0959-6526,-
JOURNAL OF CLIMATE,0894-8755,-
JOURNAL OF COASTAL CONSERVATION,1400-0350,JOURNAL OF COASTAL CONSERVATION (SPRINGER)
JOURNAL OF COASTAL RESEARCH,0749-0208,JOURNAL OF COASTAL RESEARCH
JOURNAL OF COMMUNITY & APPLIED SOCIAL PSYCHOLOGY,1052-9284,JOURNAL OF COMMUNITY & APPLIED SOCIAL PSYCHOLOGY [J COMMUNITY APPL SOC PSYCHOL] NLMUID: 9112936
JOURNAL OF CONTEMPORARY WATER RESEARCH & EDUCATION,1936-7031,JOURNAL OF CONTEMPORARY WATER RESEARCH & EDUCATION
JOURNAL OF CRUSTACEAN BIOLOGY,0278-0372,JOURNAL OF CRUSTACEAN BIOLOGY
JOURNAL OF CULTURAL HERITAGE,1296-2074,-
JOURNAL OF CULTURAL HERITAGE MANAGEMENT AND SUSTAINABLE DEVELOPMENT,2044-1266,-
JOURNAL OF DESTINATION MARKETING & MANAGEMENT,2212-571X,JOURNAL OF DESTINATION MARKETING & MANAGEMENT
JOURNAL OF DYNAMICS AND GAMES,2164-6066,-
JOURNAL OF ECOLOGY,0022-0477,-
JOURNAL OF ECONOMIC AND SOCIAL POLICY,1325-2224,-
JOURNAL OF ECONOMIC ENTOMOLOGY,0022-0493,-
JOURNAL OF ENERGY & NATURAL RESOURCES LAW,0264-6811,JOURNAL OF ENERGY & NATURAL RESOURCES LAW
JOURNAL OF ENTOMOLOGICAL SCIENCE,0749-8004,-
JOURNAL OF ENVIRONMENT & DEVELOPMENT,1070-4965,-
JOURNAL OF ENVIRONMENTAL ACCOUNTING AND MANAGEMENT,2325-6192,-
JOURNAL OF ENVIRONMENTAL AND ENGINEERING GEOPHYSICS,1083-1363,-
JOURNAL OF ENVIRONMENTAL BIOLOGY,0254-8704,-
JOURNAL OF ENVIRONMENTAL ECONOMICS AND MANAGEMENT,0095-0696,-
JOURNAL OF ENVIRONMENTAL ECONOMICS AND POLICY,2160-6544,-
JOURNAL OF ENVIRONMENTAL ENGINEERING,0733-9372,JOURNAL OF ENVIRONMENTAL ENGINEERING
JOURNAL OF ENVIRONMENTAL ENGINEERING AND SCIENCE,1496-2551,JOURNAL OF ENVIRONMENTAL ENGINEERING AND SCIENCE
JOURNAL OF ENVIRONMENTAL INFORMATICS,1726-2135,JOURNAL OF ENVIRONMENTAL INFORMATICS
JOURNAL OF ENVIRONMENTAL LAW,0952-8873,-
JOURNAL OF ENVIRONMENTAL MANAGEMENT,0301-4797,-
JOURNAL OF ENVIRONMENTAL MONITORING,1464-0325,-
JOURNAL OF ENVIRONMENTAL PLANNING AND MANAGEMENT,0964-0568,-
JOURNAL OF ENVIRONMENTAL POLICY & PLANNING,1523-908X,-
JOURNAL OF ENVIRONMENTAL PROTECTION AND ECOLOGY,1311-5065,-
JOURNAL OF ENVIRONMENTAL QUALITY,0047-2425,-
JOURNAL OF ENVIRONMENTAL RADIOACTIVITY,0265-931X,-
JOURNAL OF ENVIRONMENTAL SCIENCE AND HEALTH PART B-PESTICIDES FOOD CONTAMINANTS AND AGRICULTURAL WASTES,0360-1234,JOURNAL OF ENVIRONMENTAL SCIENCE AND HEALTH:
JOURNAL OF ENVIRONMENTAL SCIENCE AND MANAGEMENT,0119-1144,-
JOURNAL OF ENVIRONMENTAL SCIENCES,1001-0742,JOURNAL OF ENVIRONMENTAL SCIENCES (CHINA)
JOURNAL OF ETHNOBIOLOGY,0278-0771,-
JOURNAL OF ETHNOPHARMACOLOGY,0378-8741,-
JOURNAL OF EUKARYOTIC MICROBIOLOGY,1066-5234,-
JOURNAL OF EUROPEAN PUBLIC POLICY,1350-1763,-
JOURNAL OF EXPERIENTIAL EDUCATION,1053-8259,THE JOURNAL OF EXPERIENTIAL EDUCATION
JOURNAL OF EXPERIMENTAL BIOLOGY,0022-0949,-
JOURNAL OF EXPERIMENTAL BOTANY,0022-0957,-
JOURNAL OF EXPERIMENTAL MARINE BIOLOGY AND ECOLOGY,0022-0981,-
JOURNAL OF FIELD ORNITHOLOGY,0273-8570,-
JOURNAL OF FISH AND WILDLIFE MANAGEMENT,1944-687X,JOURNAL OF FISH & WILDLIFE MANAGEMENT
JOURNAL OF FISH BIOLOGY,0022-1112,-
JOURNAL OF FLOOD RISK MANAGEMENT,1753-318X,JOURNAL OF FLOOD RISK MANAGEMENT
JOURNAL OF FOOD AGRICULTURE & ENVIRONMENT,1459-0255,-
JOURNAL OF FOREST ECONOMICS,1104-6899,-
JOURNAL OF FOREST RESEARCH,1341-6979,-
JOURNAL OF FORESTRY,0022-1201,-
JOURNAL OF FORESTRY RESEARCH,1007-662X,-
JOURNAL OF FRESHWATER ECOLOGY,0270-5060,JOURNAL OF FRESHWATER ECOLOGY
JOURNAL OF GENETICS,0022-1333,JOURNAL OF GENETICS
JOURNAL OF GEOGRAPHICAL SCIENCES,1009-637X,-
JOURNAL OF GEOPHYSICAL RESEARCH-ATMOSPHERES,2169-897X,-
JOURNAL OF GEOPHYSICAL RESEARCH-BIOGEOSCIENCES,2169-8953,-
JOURNAL OF GEOPHYSICAL RESEARCH-OCEANS,2169-9275,-
JOURNAL OF GREAT LAKES RESEARCH,0380-1330,-
JOURNAL OF GREEN BUILDING,1552-6100,-
JOURNAL OF HAZARDOUS MATERIALS,0304-3894,-
JOURNAL OF HELMINTHOLOGY,0022-149X,-
JOURNAL OF HEREDITY,0022-1503,-
JOURNAL OF HERPETOLOGY,0022-1511,JOURNAL OF HERPETOLOGY
JOURNAL OF HISTORICAL GEOGRAPHY,0305-7488,-
JOURNAL OF HYDRAULIC RESEARCH,0022-1686,-
JOURNAL OF HYDRO-ENVIRONMENT RESEARCH,1570-6443,-
JOURNAL OF HYDROLOGIC ENGINEERING,1084-0699,JOURNAL OF HYDROLOGIC ENGINEERING
JOURNAL OF HYDROLOGY,0022-1694,-
JOURNAL OF HYDROMETEOROLOGY,1525-755X,JOURNAL OF HYDROMETEOROLOGY
JOURNAL OF INDUSTRIAL ECOLOGY,1088-1980,-
JOURNAL OF INSECT BEHAVIOR,0892-7553,-
JOURNAL OF INSECT CONSERVATION,1366-638X,JOURNAL OF INSECT CONSERVATION
JOURNAL OF INSECT PHYSIOLOGY,0022-1910,-
JOURNAL OF INSECT SCIENCE,1536-2442,JOURNAL OF INSECT SCIENCE :
JOURNAL OF INTEGRATIVE AGRICULTURE,2095-3119,-
JOURNAL OF INTEGRATIVE ENVIRONMENTAL SCIENCES,1943-815X,-
JOURNAL OF INVERTEBRATE PATHOLOGY,0022-2011,-
JOURNAL OF ISLAND & COASTAL ARCHAEOLOGY,1556-4894,-
JOURNAL OF LAND USE SCIENCE,1747-423X,-
JOURNAL OF LANDSCAPE ARCHITECTURE,1862-6033,-
JOURNAL OF LATIN AMERICAN GEOGRAPHY,1545-2476,-
JOURNAL OF LIMNOLOGY,1129-5767,JOURNAL OF LIMNOLOGY
JOURNAL OF MAMMALOGY,0022-2372,-
JOURNAL OF MANAGEMENT STUDIES,0022-2380,-
JOURNAL OF MAPS,1744-5647,JOURNAL OF MAPS
JOURNAL OF MARINE SYSTEMS,0924-7963,-
JOURNAL OF MATHEMATICAL ANALYSIS AND APPLICATIONS,0022-247X,-
JOURNAL OF MATHEMATICAL BIOLOGY,0303-6812,JOURNAL OF MATHEMATICAL BIOLOGY [J MATH BIOL] NLMUID: 7502105
JOURNAL OF MEDICAL ENTOMOLOGY,0022-2585,-
JOURNAL OF MEDICAL ETHICS,0306-6800,-
JOURNAL OF MEDICINAL PLANTS RESEARCH,1996-0875,-
JOURNAL OF MICROBIOLOGICAL METHODS,0167-7012,-
JOURNAL OF MOLECULAR LIQUIDS,0167-7322,-
JOURNAL OF MOLLUSCAN STUDIES,0260-1230,-
JOURNAL OF MOUNTAIN SCIENCE,1672-6316,JOURNAL OF MOUNTAIN SCIENCE
JOURNAL OF NATURAL HISTORY,0022-2933,-
JOURNAL OF NEAR INFRARED SPECTROSCOPY,0967-0335,-
JOURNAL OF NEMATOLOGY,0022-300X,JOURNAL OF NEMATOLOGY
JOURNAL OF OCEAN ENGINEERING AND SCIENCE,2468-0133,JOURNAL OF OCEAN ENGINEERING AND SCIENCE.
JOURNAL OF OCEANOLOGY AND LIMNOLOGY,2096-5508,-
JOURNAL OF ORNITHOLOGY,2193-7192,-
JOURNAL OF OUTDOOR RECREATION AND TOURISM-RESEARCH PLANNING AND MANAGEMENT,2213-0780,-
JOURNAL OF PALEOLIMNOLOGY,0921-2728,JOURNAL OF PALEOLIMNOLOGY
JOURNAL OF PARK AND RECREATION ADMINISTRATION,0735-1968,JOURNAL OF PARK AND RECREATION ADMINISTRATION
JOURNAL OF PEASANT STUDIES,0306-6150,-
JOURNAL OF PEDIATRIC INFECTIOUS DISEASES,1305-7707,-
JOURNAL OF PEST SCIENCE,1612-4758,JOURNAL OF PEST SCIENCE
JOURNAL OF PLANNING LITERATURE,0885-4122,-
JOURNAL OF PLANT DISEASES AND PROTECTION,1861-3829,-
JOURNAL OF PLANT ECOLOGY,1752-9921,JOURNAL OF PLANT ECOLOGY
JOURNAL OF PLANT NUTRITION,0190-4167,-
JOURNAL OF POLICY RESEARCH IN TOURISM LEISURE AND EVENTS,1940-7963,-
JOURNAL OF POLITICAL ECOLOGY,1073-0451,-
JOURNAL OF POLYMER ENGINEERING,0334-6447,-
JOURNAL OF RANGE MANAGEMENT,0022-409X,-
JOURNAL OF RAPTOR RESEARCH,0892-1016,JOURNAL OF RAPTOR RESEARCH
JOURNAL OF RISK RESEARCH,1366-9877,JOURNAL OF RISK RESEARCH
JOURNAL OF RURAL STUDIES,0743-0167,-
JOURNAL OF SEA RESEARCH,1385-1101,-
JOURNAL OF SHELLFISH RESEARCH,0730-8000,-
JOURNAL OF SIMULATION,1747-7778,-
JOURNAL OF SOIL AND WATER CONSERVATION,0022-4561,-
JOURNAL OF SOILS AND SEDIMENTS,1439-0108,"JOURNAL OF SOILS & SEDIMENTS PROTECTION, RISK ASSESSMENT, & REMEDIATION"
JOURNAL OF SOUTHERN AFRICAN STUDIES,0305-7070,-
JOURNAL OF SUSTAINABLE FORESTRY,1054-9811,-
JOURNAL OF SUSTAINABLE TOURISM,0966-9582,-
JOURNAL OF SYSTEMATICS AND EVOLUTION,1674-4918,JOURNAL OF SYSTEMATICS & EVOLUTION
JOURNAL OF THE AIR & WASTE MANAGEMENT ASSOCIATION,1096-2247,JOURNAL OF THE AIR & WASTE MANAGEMENT ASSOCIATION
JOURNAL OF THE AMERICAN MOSQUITO CONTROL ASSOCIATION,8756-971X,JOURNAL OF THE AMERICAN MOSQUITO CONTROL ASSOCIATION [J AM MOSQ CONTROL ASSOC] NLMUID: 8511299
JOURNAL OF THE AMERICAN WATER RESOURCES ASSOCIATION,1093-474X,-
JOURNAL OF THE BRAZILIAN CHEMICAL SOCIETY,0103-5053,-
JOURNAL OF THE CHARTERED INSTITUTION OF WATER AND ENVIRONMENTAL MANAGEMENT,1747-6585,WATER AND ENVIRONMENT JOURNAL
JOURNAL OF THE GEOLOGICAL SOCIETY OF INDIA,0016-7622,-
JOURNAL OF THE INDIAN SOCIETY OF REMOTE SENSING,0255-660X,-
JOURNAL OF THE KANSAS ENTOMOLOGICAL SOCIETY,0022-8567,-
JOURNAL OF THE LEPIDOPTERISTS SOCIETY,0024-0966,-
JOURNAL OF THE MARINE BIOLOGICAL ASSOCIATION OF THE UNITED KINGDOM,0025-3154,-
JOURNAL OF THE NATIONAL SCIENCE FOUNDATION OF SRI LANKA,1391-4588,-
JOURNAL OF THE NORTH AMERICAN BENTHOLOGICAL SOCIETY,0887-3593,JOURNAL OF THE NORTH AMERICAN BENTHOLOGICAL SOCIETY
JOURNAL OF THE ROYAL ANTHROPOLOGICAL INSTITUTE,1359-0987,THE JOURNAL OF THE ROYAL ANTHROPOLOGICAL INSTITUTE
JOURNAL OF THE ROYAL SOCIETY INTERFACE,1742-5689,-
JOURNAL OF THE ROYAL SOCIETY OF NEW ZEALAND,0303-6758,JOURNAL OF THE ROYAL SOCIETY OF NEW ZEALAND
JOURNAL OF THE ROYAL STATISTICAL SOCIETY SERIES C-APPLIED STATISTICS,0035-9254,-
JOURNAL OF THE SCIENCE OF FOOD AND AGRICULTURE,0022-5142,-
JOURNAL OF THE TORREY BOTANICAL SOCIETY,1095-5674,-
JOURNAL OF THEORETICAL BIOLOGY,0022-5193,-
JOURNAL OF THERMAL BIOLOGY,0306-4565,-
JOURNAL OF TRANSPORT GEOGRAPHY,0966-6923,-
JOURNAL OF TRAVEL RESEARCH,0047-2875,-
JOURNAL OF TROPICAL ECOLOGY,0266-4674,-
JOURNAL OF TROPICAL FOREST SCIENCE,0128-1283,JOURNAL OF TROPICAL FOREST SCIENCE
JOURNAL OF URBAN MANAGEMENT,2226-5856,-
JOURNAL OF URBAN PLANNING AND DEVELOPMENT,0733-9488,JOURNAL OF URBAN PLANNING AND DEVELOPMENT
JOURNAL OF URBAN TECHNOLOGY,1063-0732,THE JOURNAL OF URBAN TECHNOLOGY
JOURNAL OF VEGETATION SCIENCE,1100-9233,JOURNAL OF VEGETATION SCIENCE
JOURNAL OF WATER AND CLIMATE CHANGE,2040-2244,-
JOURNAL OF WATER RESOURCES PLANNING AND MANAGEMENT,0733-9496,JOURNAL OF WATER RESOURCES PLANNING AND MANAGEMENT
JOURNAL OF WILDLIFE DISEASES,0090-3558,-
JOURNAL OF WILDLIFE MANAGEMENT,0022-541X,-
JOURNAL OF ZHEJIANG UNIVERSITY-SCIENCE B,1673-1581,-
JOURNAL OF ZOOLOGY,0952-8369,-
JURNAL CITA HUKUM-INDONESIAN LAW JOURNAL,2356-1440,-
JURNAL ILMU DAN TEKNOLOGI KELAUTAN TROPIS,2087-9423,-
JURNAL TEKNOLOGI,0127-9696,-
KNOWLEDGE AND MANAGEMENT OF AQUATIC ECOSYSTEMS,1961-9502,KNOWLEDGE & MANAGEMENT OF AQUATIC ECOSYSTEMS
KUWAIT JOURNAL OF SCIENCE & ENGINEERING,1024-8684,-
LAKE AND RESERVOIR MANAGEMENT,1040-2381,-
LAND DEGRADATION & DEVELOPMENT,1085-3278,-
LAND ECONOMICS,0023-7639,LAND ECONOMICS
LAND USE POLICY,0264-8377,-
LANDBAUFORSCHUNG,0458-6859,-
LANDSCAPE AND ECOLOGICAL ENGINEERING,1860-1871,LANDSCAPE & ECOLOGICAL ENGINEERING
LANDSCAPE AND URBAN PLANNING,0169-2046,-
LANDSCAPE ARCHITECTURE FRONTIERS,2095-5405,-
LANDSCAPE ECOLOGY,0921-2973,LANDSCAPE ECOLOGY
LANDSCAPE JOURNAL,0277-2426,LANDSCAPE JOURNAL
LANDSCAPE RESEARCH,0142-6397,-
LATERALITY,1357-650X,LATERALITY [LATERALITY] NLMUID: 9609064
LATIN AMERICAN JOURNAL OF AQUATIC RESEARCH,0718-560X,LATIN AMERICAN JOURNAL OF AQUATIC RESEARCH
LEADERSHIP,1742-7150,-
LEARNING CULTURE AND SOCIAL INTERACTION,2210-6561,-
LESNOY ZHURNAL-FORESTRY JOURNAL,0536-1036,LESNOI ZHURNAL
LIMNETICA,0213-8409,-
LIMNOLOGICA,0075-9511,-
LIMNOLOGY AND OCEANOGRAPHY,0024-3590,-
LIMNOLOGY AND OCEANOGRAPHY-METHODS,1541-5856,"LIMNOLOGY & OCEANOGRAPHY, METHODS"
LOCAL ENVIRONMENT,1354-9839,LOCAL ENVIRONMENT
MADERA Y BOSQUES,2448-7597,-
MALACOLOGIA,0076-2997,-
MAMMAL RESEARCH,2199-2401,-
MAMMAL REVIEW,0305-1838,MAMMAL REVIEW
MAMMAL STUDY,1343-4152,-
MAMMALIAN BIOLOGY,1616-5047,-
MAN IN INDIA,0025-1569,-
MANAGEMENT OF BIOLOGICAL INVASIONS,1989-8649,-
MANAGEMENT OF ENVIRONMENTAL QUALITY,1477-7835,-
MARINE AND COASTAL FISHERIES,1942-5120,MARINE AND COASTAL FISHERIES :
MARINE AND FRESHWATER RESEARCH,1323-1650,-
MARINE BIODIVERSITY,1867-1616,-
MARINE BIOLOGY,0025-3162,-
MARINE ECOLOGY-AN EVOLUTIONARY PERSPECTIVE,0173-9565,-
MARINE ECOLOGY PROGRESS SERIES,0171-8630,-
MARINE ENVIRONMENTAL RESEARCH,0141-1136,-
MARINE GEODESY,0149-0419,-
MARINE MAMMAL SCIENCE,0824-0469,MARINE MAMMAL SCIENCE
MARINE POLICY,0308-597X,-
MARINE POLLUTION BULLETIN,0025-326X,-
MARINE RESOURCE ECONOMICS,0738-1360,MARINE RESOURCE ECONOMICS
MARINE TECHNOLOGY SOCIETY JOURNAL,0025-3324,-
MARITIME STUDIES,1872-7859,-
MATHEMATICAL AND COMPUTATIONAL FORESTRY & NATURAL-RESOURCE SCIENCES,1946-7664,MATHEMATICAL & COMPUTATIONAL FORESTRY & NATURAL RESOURCE SCIENCES
MATHEMATICAL BIOSCIENCES,0025-5564,-
MATHEMATICS AND COMPUTERS IN SIMULATION,0378-4754,-
MEDICAL HYPOTHESES,0306-9877,-
MEDITERRANEAN BOTANY,2603-9109,-
MEDITERRANEAN MARINE SCIENCE,1108-393X,-
METALURGIA INTERNATIONAL,1582-2214,-
METHODS IN ECOLOGY AND EVOLUTION,2041-210X,METHODS IN ECOLOGY & EVOLUTION
METHODSX,2215-0161,METHODSX
MICROBIAL ECOLOGY,0095-3628,MICROBIAL ECOLOGY [MICROB ECOL] NLMUID: 7500663
MITIGATION AND ADAPTATION STRATEGIES FOR GLOBAL CHANGE,1381-2386,MITIGATION AND ADAPTATION STRATEGIES FOR GLOBAL CHANGE
MITOCHONDRIAL DNA PART A,2470-1394,MITOCHONDRIAL DNA PART A
MODELING EARTH SYSTEMS AND ENVIRONMENT,2363-6203,-
MOLECULAR BIOLOGY REPORTS,0301-4851,-
MOLECULAR ECOLOGY,0962-1083,-
MOLECULAR ECOLOGY RESOURCES,1755-098X,-
MOLECULAR PHYLOGENETICS AND EVOLUTION,1055-7903,-
MOLLUSCAN RESEARCH,1323-5818,-
MOUNTAIN RESEARCH AND DEVELOPMENT,0276-4741,MOUNTAIN RESEARCH & DEVELOPMENT
MYCOLOGIA,0027-5514,-
MYCORRHIZA,0940-6360,MYCORRHIZA
MYCOSPHERE,2077-7000,-
MYRMECOLOGICAL NEWS,1994-4136,-
NATIONAL ACADEMY SCIENCE LETTERS-INDIA,0250-541X,-
NATURAL AREAS JOURNAL,0885-8608,-
NATURAL HAZARDS,0921-030X,NATURAL HAZARDS
NATURAL RESOURCE MODELING,0890-8575,NATURAL RESOURCE MODELING
NATURAL RESOURCES FORUM,0165-0203,NATURAL RESOURCES FORUM
NATURAL RESOURCES JOURNAL,0028-0739,NATURAL RESOURCES JOURNAL
NATURE,0028-0836,NATURE [NATURE] NLMUID: 0410462
NATURE CLIMATE CHANGE,1758-678X,NATURE CLIMATE CHANGE
NATURE COMMUNICATIONS,2041-1723,-
NATURE ECOLOGY & EVOLUTION,2397-334X,-
NATURE PLANTS,2055-026X,-
NATURE SUSTAINABILITY,2398-9629,-
NATUREZA & CONSERVACAO,1679-0073,NATUREZA & CONSERVAÇÃO
NATURWISSENSCHAFTEN,0028-1042,-
NEOTROPICAL ENTOMOLOGY,1519-566X,-
NEOTROPICAL ICHTHYOLOGY,1679-6225,-
NEW FORESTS,0169-4286,NEW FORESTS
NEW PHYTOLOGIST,0028-646X,-
NEW ZEALAND JOURNAL OF BOTANY,0028-825X,-
NEW ZEALAND JOURNAL OF ECOLOGY,0110-6465,-
NEW ZEALAND JOURNAL OF FORESTRY SCIENCE,0048-0134,NEW ZEALAND JOURNAL OF FORESTRY SCIENCE
NEW ZEALAND JOURNAL OF MARINE AND FRESHWATER RESEARCH,0028-8330,-
NJAS-WAGENINGEN JOURNAL OF LIFE SCIENCES,1573-5214,NJAS :
NONLINEAR DYNAMICS,0924-090X,-
NORDIC JOURNAL OF BOTANY,0107-055X,NORDIC JOURNAL OF BOTANY
NORTH-WESTERN JOURNAL OF ZOOLOGY,1584-9074,-
NORTH AMERICAN JOURNAL OF FISHERIES MANAGEMENT,0275-5947,-
NORTHEASTERN NATURALIST,1092-6194,NORTHEASTERN NATURALIST
NORTHWEST SCIENCE,0029-344X,-
NOTORNIS,0029-4470,-
NOTULAE BOTANICAE HORTI AGROBOTANICI CLUJ-NAPOCA,0255-965X,NOTULAE BOTANICAE HORTI AGROBOTANICI CLUJ-NAPOCA
NOVA HEDWIGIA,0029-5035,-
NUTRIENT CYCLING IN AGROECOSYSTEMS,1385-1314,-
OCEAN & COASTAL MANAGEMENT,0964-5691,-
OCEAN DEVELOPMENT AND INTERNATIONAL LAW,0090-8320,-
OCEAN DYNAMICS,1616-7341,-
OCEANOGRAPHY,1042-8275,-
"OCEANOGRAPHY AND MARINE BIOLOGY, VOL 40",0078-3218,-
OCEANOLOGICAL AND HYDROBIOLOGICAL STUDIES,1730-413X,-
ODONATOLOGICA,0375-0183,-
OECOLOGIA,0029-8549,OECOLOGIA [OECOLOGIA] NLMUID: 0150372
OIKOS,0030-1299,-
OPEN AGRICULTURE,2391-9531,-
ORGANIZATION & ENVIRONMENT,1086-0266,ORGANIZATION & ENVIRONMENT
ORNIS FENNICA,0030-5685,ORNIS FENNICA
ORNITOLOGIA NEOTROPICAL,1075-4377,-
ORYX,0030-6053,-
OSTRICH,0030-6525,-
OUTLOOK ON AGRICULTURE,0030-7270,-
OXFORD REVIEW OF ECONOMIC POLICY,0266-903X,-
OXIDATION COMMUNICATIONS,0209-4541,OXIDATION COMMUNICATIONS
PACIFIC SCIENCE,0030-8870,-
PADDY AND WATER ENVIRONMENT,1611-2490,PADDY & WATER ENVIRONMENT
PAKISTAN JOURNAL OF BOTANY,0556-3321,-
PAKISTAN JOURNAL OF ZOOLOGY,0030-9923,PAKISTAN JOURNAL OF ZOOLOGY
PALAEOGEOGRAPHY PALAEOCLIMATOLOGY PALAEOECOLOGY,0031-0182,-
PALEOBIOLOGY,0094-8373,-
PALGRAVE COMMUNICATIONS,2055-1045,-
PAPERS IN REGIONAL SCIENCE,1056-8190,-
PARASITOLOGY,0031-1820,-
PARASITOLOGY INTERNATIONAL,1383-5769,-
PEDIATRICS,0031-4005,-
PEDOBIOLOGIA,0031-4056,-
PEDOSPHERE,1002-0160,-
PERSPECTIVES IN ECOLOGY AND CONSERVATION,2530-0644,PERSPECTIVES IN ECOLOGY AND CONSERVATION
PERSPECTIVES IN PLANT ECOLOGY EVOLUTION AND SYSTEMATICS,1433-8319,-
PERTANIKA JOURNAL OF SOCIAL SCIENCE AND HUMANITIES,0128-7702,PERTANIKA JOURNAL OF SOCIAL SCIENCE & HUMANITIES
PEST MANAGEMENT SCIENCE,1526-498X,-
PHILIPPINE AGRICULTURAL SCIENTIST,0031-7454,-
PHILOSOPHICAL TRANSACTIONS OF THE ROYAL SOCIETY A-MATHEMATICAL PHYSICAL AND ENGINEERING SCIENCES,1364-503X,-
PHILOSOPHICAL TRANSACTIONS OF THE ROYAL SOCIETY B-BIOLOGICAL SCIENCES,0962-8436,-
PHOTOGRAMMETRIC ENGINEERING AND REMOTE SENSING,0099-1112,-
PHYSICS AND CHEMISTRY OF THE EARTH,1474-7065,-
PHYSICS AND CHEMISTRY OF THE EARTH PART B-HYDROLOGY OCEANS AND ATMOSPHERE,1464-1909,-
PHYSIOLOGICAL AND BIOCHEMICAL ZOOLOGY,1522-2152,-
PHYSIOLOGY & BEHAVIOR,0031-9384,-
PHYTOCHEMISTRY REVIEWS,1568-7767,-
PHYTOCOENOLOGIA,0340-269X,-
PHYTON-INTERNATIONAL JOURNAL OF EXPERIMENTAL BOTANY,1851-5657,-
PHYTOPARASITICA,0334-2123,-
PHYTOPATHOLOGY,0031-949X,-
PHYTOPROTECTION,0031-9511,-
PHYTOTAXA,1179-3155,-
PLANNING PRACTICE AND RESEARCH,0269-7459,"PLANNING, PRACTICE & RESEARCH"
PLANT AND SOIL,0032-079X,PLANT AND SOIL
PLANT BIOLOGY,1435-8603,-
PLANT BIOSYSTEMS,1126-3504,PLANT BIOSYSTEMS
PLANT BIOTECHNOLOGY JOURNAL,1467-7644,-
PLANT DIVERSITY,2096-2703,-
PLANT ECOLOGY,1385-0237,PLANT ECOLOGY
PLANT ECOLOGY & DIVERSITY,1755-0874,-
PLANT ECOLOGY AND EVOLUTION,2032-3913,-
PLANT SOIL AND ENVIRONMENT,1214-1178,-
PLANT SPECIES BIOLOGY,0913-557X,-
PLANT SYSTEMATICS AND EVOLUTION,0378-2697,-
PLANTA,0032-0935,PLANTA [PLANTA] NLMUID: 1250576
POLAR-POLITICAL AND LEGAL ANTHROPOLOGY REVIEW,1081-6976,-
POLAR BIOLOGY,0722-4060,-
POLAR RECORD,0032-2474,-
POLICY SCIENCES,0032-2687,POLICY SCIENCES
POLICY STUDIES,0144-2872,POLICY STUDIES
POLICY STUDIES JOURNAL,0190-292X,-
POLISH JOURNAL OF ECOLOGY,1505-2249,-
POLISH JOURNAL OF ENVIRONMENTAL STUDIES,1230-1485,POLISH JOURNAL OF ENVIRONMENTAL STUDIES
POLITICAL GEOGRAPHY,0962-6298,-
POPULATION ECOLOGY,1438-3896,POPULATION ECOLOGY
POTATO RESEARCH,0014-3065,-
PRESLIA,0032-7786,-
PREVENTIVE VETERINARY MEDICINE,0167-5877,-
PRIMATES,0032-8332,PRIMATES; JOURNAL OF PRIMATOLOGY [PRIMATES] NLMUID: 0401152
PROCEEDINGS OF THE INSTITUTION OF CIVIL ENGINEERS-MARITIME ENGINEERING,1741-7597,-
PROCEEDINGS OF THE INSTITUTION OF CIVIL ENGINEERS-WATER MANAGEMENT,1741-7589,-
PROCEEDINGS OF THE LINNEAN SOCIETY OF NEW SOUTH WALES,0370-047X,-
PROCEEDINGS OF THE NATIONAL ACADEMY OF SCIENCES OF THE UNITED STATES OF AMERICA,0027-8424,-
PROCEEDINGS OF THE ROYAL SOCIETY B-BIOLOGICAL SCIENCES,0962-8452,-
PROCESS SAFETY AND ENVIRONMENTAL PROTECTION,0957-5820,-
PROFESSIONAL GEOGRAPHER,0033-0124,THE PROFESSIONAL GEOGRAPHER
PROGRESS IN DEVELOPMENT STUDIES,1464-9934,-
PROGRESS IN NATURAL SCIENCE-MATERIALS INTERNATIONAL,1002-0071,-
PROGRESS IN OCEANOGRAPHY,0079-6611,-
PROGRESS IN PHYSICAL GEOGRAPHY,0309-1333,PROGRESS IN PHYSICAL GEOGRAPHY
PROGRESS IN PLANNING,0305-9006,-
PROPAGATION OF ORNAMENTAL PLANTS,1311-9109,-
PROTIST,1434-4610,-
PRZEMYSL CHEMICZNY,0033-2496,-
PUBLIC ADMINISTRATION REVIEW,0033-3352,-
PUBLIC HEALTH,0033-3506,PUBLIC HEALTH
PUBLIC UNDERSTANDING OF SCIENCE,0963-6625,-
QUALITY-ACCESS TO SUCCESS,1582-2559,-
QUARTERLY REVIEW OF BIOLOGY,0033-5770,THE QUARTERLY REVIEW OF BIOLOGY [Q REV BIOL] NLMUID: 0376515
QUATERNAIRE,1142-2904,-
QUATERNARY GEOCHRONOLOGY,1871-1014,-
QUATERNARY INTERNATIONAL,1040-6182,-
QUATERNARY SCIENCE REVIEWS,0277-3791,-
RAFFLES BULLETIN OF ZOOLOGY,0217-2445,-
RANGE MANAGEMENT AND AGROFORESTRY,0971-2070,-
RANGELAND ECOLOGY & MANAGEMENT,1550-7424,-
RANGELAND JOURNAL,1036-9872,-
RAPID COMMUNICATIONS IN MASS SPECTROMETRY,0951-4198,-
REDIA-GIORNALE DI ZOOLOGIA,0370-4327,-
REGIONAL ENVIRONMENTAL CHANGE,1436-3798,-
REGIONAL STUDIES,0034-3404,-
REGIONAL STUDIES IN MARINE SCIENCE,2352-4855,REGIONAL STUDIES IN MARINE SCIENCE
REMOTE SENSING OF ENVIRONMENT,0034-4257,-
RENDICONTI LINCEI-SCIENZE FISICHE E NATURALI,2037-4631,-
RENEWABLE & SUSTAINABLE ENERGY REVIEWS,1364-0321,-
RENEWABLE AGRICULTURE AND FOOD SYSTEMS,1742-1705,-
RESEARCH JOURNAL OF CHEMISTRY AND ENVIRONMENT,0972-0626,-
RESEARCH JOURNAL OF PHARMACEUTICAL BIOLOGICAL AND CHEMICAL SCIENCES,0975-8585,-
RESEARCH POLICY,0048-7333,-
RESILIENCE-INTERNATIONAL POLICIES PRACTICES AND DISCOURSES,2169-3293,-
RESOURCE AND ENERGY ECONOMICS,0928-7655,-
RESOURCES CONSERVATION AND RECYCLING,0921-3449,-
RESOURCES POLICY,0301-4207,-
RESTORATION ECOLOGY,1061-2971,-
REVIEW OF BEHAVIORAL ECONOMICS,2326-6198,-
REVIEW OF ENVIRONMENTAL ECONOMICS AND POLICY,1750-6816,REVIEW OF ENVIRONMENTAL ECONOMICS AND POLICY
REVIEW OF PALAEOBOTANY AND PALYNOLOGY,0034-6667,-
REVIEW OF POLICY RESEARCH,1541-132X,THE REVIEW OF POLICY RESEARCH
REVIEWS IN AQUACULTURE,1753-5123,REVIEWS IN AQUACULTURE
REVIEWS IN ENVIRONMENTAL SCIENCE AND BIO-TECHNOLOGY,1569-1705,REVIEWS IN ENVIRONMENTAL SCIENCE AND BIOTECHNOLOGY
REVIEWS IN FISH BIOLOGY AND FISHERIES,0960-3166,REVIEWS IN FISH BIOLOGY AND FISHERIES
REVIEWS IN FISHERIES SCIENCE,1064-1262,-
REVIEWS IN FISHERIES SCIENCE & AQUACULTURE,2330-8249,REVIEWS IN FISHERIES SCIENCE & AQUACULTURE
REVISTA ARVORE,0100-6762,-
REVISTA DE BIOLOGIA TROPICAL,0034-7744,REVISTA DE BIOLOGÍA TROPICAL
REVISTA DE CHIMIE,0034-7752,-
REVISTA MEXICANA DE BIODIVERSIDAD,1870-3453,-
REVISTA PUBLICANDO,1390-9304,-
REVUE D ANTHROPOLOGIE DES CONNAISSANCES,1760-5393,-
REVUE D ECOLOGIE-LA TERRE ET LA VIE,0249-7395,-
REVUE DE MEDECINE VETERINAIRE,0035-1555,-
REVUE SCIENTIFIQUE ET TECHNIQUE-OFFICE INTERNATIONAL DES EPIZOOTIES,0253-1933,REVUE SCIENTIFIQUE ET TECHNIQUE / OFFICE INTERNATIONAL DES EŒÜPIZOOTIES [REV SCI TECH] NLMUID: 8712301
RHODORA,0035-4902,RHODORA
RISK ANALYSIS,0272-4332,RISK ANALYSIS
RIVER RESEARCH AND APPLICATIONS,1535-1459,-
ROMANIAN AGRICULTURAL RESEARCH,1222-4227,-
ROMANIAN BIOTECHNOLOGICAL LETTERS,1224-5984,-
RSC ADVANCES,2046-2069,-
RURAL AND REMOTE HEALTH,1445-6354,-
RURAL SOCIETY,1037-1656,RURAL SOCIETY
RURAL SOCIOLOGY,0036-0112,RURAL SOCIOLOGY
RUSSIAN JOURNAL OF MARINE BIOLOGY,1063-0740,-
RUSSIAN JOURNAL OF NEMATOLOGY,0869-6918,-
SAINS MALAYSIANA,0126-6039,-
SAUDI JOURNAL OF BIOLOGICAL SCIENCES,1319-562X,-
SCANDINAVIAN JOURNAL OF FOREST RESEARCH,0282-7581,SCANDINAVIAN JOURNAL OF FOREST RESEARCH
SCIENCE,0036-8075,-
SCIENCE ADVANCES,2375-2548,-
SCIENCE AND ENGINEERING ETHICS,1353-3452,SCIENCE AND ENGINEERING ETHICS
SCIENCE AND TECHNOLOGY STUDIES,2243-4690,SCIENCE & TECHNOLOGY STUDIES
SCIENCE AS CULTURE,0950-5431,-
SCIENCE CHINA-EARTH SCIENCES,1674-7313,-
SCIENCE CHINA-TECHNOLOGICAL SCIENCES,1674-7321,-
SCIENCE COMMUNICATION,1075-5470,-
SCIENCE IN CHINA SERIES C-LIFE SCIENCES,1006-9305,-
SCIENCE IN CHINA SERIES D-EARTH SCIENCES,1006-9313,-
SCIENCE IN CHINA SERIES E-ENGINEERING & MATERIALS SCIENCE,1006-9321,-
SCIENCE OF THE TOTAL ENVIRONMENT,0048-9697,-
SCIENCE TECHNOLOGY & HUMAN VALUES,0162-2439,-
SCIENCE TECHNOLOGY AND SOCIETY,0971-7218,-
SCIENTIA FORESTALIS,1413-9324,-
SCIENTIA MARINA,0214-8358,-
SCIENTIFIC PAPERS-SERIES D-ANIMAL SCIENCE,2285-5750,-
SCIENTIFIC PAPERS-SERIES MANAGEMENT ECONOMIC ENGINEERING IN AGRICULTURE AND RURAL DEVELOPMENT,2284-7995,-
SCIENTIFIC RESEARCH AND ESSAYS,1992-2248,-
SCOTTISH GEOGRAPHICAL JOURNAL,1470-2541,-
SCRIPTA NOVA-REVISTA ELECTRONICA DE GEOGRAFIA Y CIENCIAS SOCIALES,1138-9788,-
SEED SCIENCE RESEARCH,0960-2585,-
SEEFOR-SOUTH-EAST EUROPEAN FORESTRY,1847-6481,-
SILVA FENNICA,0037-5330,-
SILVAE GENETICA,0037-5349,-
SIMULATION-TRANSACTIONS OF THE SOCIETY FOR MODELING AND SIMULATION INTERNATIONAL,0037-5497,-
SIMULATION MODELLING PRACTICE AND THEORY,1569-190X,-
SINGAPORE JOURNAL OF TROPICAL GEOGRAPHY,0129-7619,SINGAPORE JOURNAL OF TROPICAL GEOGRAPHY
SMALL-SCALE FORESTRY,1873-7617,-
SMALL RUMINANT RESEARCH,0921-4488,-
SOCIAL INCLUSION,2183-2803,-
SOCIAL SCIENCE INFORMATION SUR LES SCIENCES SOCIALES,0539-0184,-
SOCIAL SCIENCE QUARTERLY,0038-4941,SOCIAL SCIENCE QUARTERLY
SOCIETY & NATURAL RESOURCES,0894-1920,-
SOCIOBIOLOGY,0361-6525,-
SOCIOLOGIA RURALIS,0038-0199,-
SOCIOLOGICAL INQUIRY,0038-0245,SOCIOLOGICAL INQUIRY
SOCIOLOGICAL QUARTERLY,0038-0253,-
SOIL & TILLAGE RESEARCH,0167-1987,-
SOIL BIOLOGY & BIOCHEMISTRY,0038-0717,-
SOIL SCIENCE SOCIETY OF AMERICA JOURNAL,0361-5995,-
SOIL USE AND MANAGEMENT,0266-0032,-
SOUTH AFRICAN ARCHAEOLOGICAL BULLETIN,0038-1969,-
SOUTH AFRICAN GEOGRAPHICAL JOURNAL,0373-6245,SOUTH AFRICAN GEOGRAPHICAL JOURNAL
SOUTH AFRICAN JOURNAL OF BOTANY,0254-6299,-
SOUTH AFRICAN JOURNAL OF GEOMATICS,2225-8531,-
SOUTH AFRICAN JOURNAL ON HUMAN RIGHTS,0258-7203,-
SOUTH AMERICAN JOURNAL OF HERPETOLOGY,1808-9798,-
SOUTHEASTERN NATURALIST,1528-7092,SOUTHEASTERN NATURALIST
SOUTHERN FORESTS,2070-2620,-
SPANISH JOURNAL OF AGRICULTURAL RESEARCH,1695-971X,-
SPATIAL STATISTICS,2211-6753,SPATIAL STATISTICS
SPECTROCHIMICA ACTA PART A-MOLECULAR AND BIOMOLECULAR SPECTROSCOPY,1386-1425,-
SPRINGERPLUS,2193-1801,-
STOCHASTIC ENVIRONMENTAL RESEARCH AND RISK ASSESSMENT,1436-3240,STOCHASTIC ENVIRONMENTAL RESEARCH AND RISK ASSESSMENT
STUDIES ON NEOTROPICAL FAUNA AND ENVIRONMENT,0165-0521,-
SURVEYS IN GEOPHYSICS,0169-3298,-
SUSTAINABILITY SCIENCE,1862-4065,SUSTAINABILITY SCIENCE
SUSTAINABLE CITIES AND SOCIETY,2210-6707,-
SUSTAINABLE DEVELOPMENT,0968-0802,-
SUSTAINABLE WATER RESOURCES MANAGEMENT,2363-5037,-
SYSTEMATIC BIOLOGY,1063-5157,SYSTEMATIC BIOLOGY [SYST BIOL] NLMUID: 9302532
SYSTEMATICS AND BIODIVERSITY,1477-2000,SYSTEMATICS AND BIODIVERSITY
SYSTEMIC PRACTICE AND ACTION RESEARCH,1094-429X,-
SYSTEMS RESEARCH AND BEHAVIORAL SCIENCE,1092-7026,-
TAIWANIA,0372-333X,-
TARIH KULTUR VE SANAT ARASTIRMALARI DERGISI-JOURNAL OF HISTORY CULTURE AND ART RESEARCH,2147-0626,"JOURNAL OF HISTORY, CULTURE & ART RESEARCH / TARIH K++L++R VE SANAT ARASTIRMALARI DERGISI"
TERRESTRIAL ATMOSPHERIC AND OCEANIC SCIENCES,1017-0839,"TERRESTRIAL, ATMOSPHERIC & OCEANIC SCIENCES"
THEORETICAL AND APPLIED CLIMATOLOGY,0177-798X,-
THEORETICAL AND APPLIED ECOLOGY,1995-4301,-
THEORETICAL AND APPLIED GENETICS,0040-5752,TAG. THEORETICAL AND APPLIED GENETICS. THEORETISCHE UND ANGEWANDTE GENETIK [THEOR APPL GENET] NLMUID: 0145600
THEORETICAL ECOLOGY,1874-1738,THEORETICAL ECOLOGY
THEORETICAL POPULATION BIOLOGY,0040-5809,-
THERIOGENOLOGY,0093-691X,-
THESIS ELEVEN,0725-5136,-
THIRD WORLD QUARTERLY,0143-6597,THIRD WORLD QUARTERLY
TIJDSCHRIFT VOOR ECONOMISCHE EN SOCIALE GEOGRAFIE,0040-747X,TIJDSCHRIFT VOOR ECONOMISCHE EN SOCIALE GEOGRAFIE
TOURISM AND HOSPITALITY RESEARCH,1467-3584,-
TOURISM GEOGRAPHIES,1461-6688,-
TOURISM MANAGEMENT,0261-5177,-
TOXICOLOGY AND INDUSTRIAL HEALTH,0748-2337,-
TOXICOLOGY LETTERS,0378-4274,-
TRANSACTIONS OF THE AMERICAN FISHERIES SOCIETY,0002-8487,-
TRANSACTIONS OF THE ASABE,2151-0032,-
TRANSACTIONS OF THE INSTITUTE OF BRITISH GEOGRAPHERS,0020-2754,-
TRANSACTIONS OF THE ROYAL SOCIETY OF SOUTH AUSTRALIA,0372-1426,-
TRANSBOUNDARY AND EMERGING DISEASES,1865-1674,TRANSBOUNDARY & EMERGING DISEASES
TRANSFORMATIONS IN BUSINESS & ECONOMICS,1648-4460,-
TRANSGENIC RESEARCH,0962-8819,TRANSGENIC RESEARCH
TRANSLATIONAL RESEARCH,1931-5244,-
TRANSNATIONAL ENVIRONMENTAL LAW,2047-1025,-
TRANSPORTATION RESEARCH PART D-TRANSPORT AND ENVIRONMENT,1361-9209,-
TRANSPORTATION RESEARCH PART F-TRAFFIC PSYCHOLOGY AND BEHAVIOUR,1369-8478,-
TRANSPORTATION RESEARCH RECORD,0361-1981,-
TREE GENETICS & GENOMES,1614-2942,TREE GENETICS & GENOMES
TREE PHYSIOLOGY,0829-318X,TREE PHYSIOLOGY
TREES-STRUCTURE AND FUNCTION,0931-1890,-
TRENDS IN BIOTECHNOLOGY,0167-7799,-
TRENDS IN ECOLOGY & EVOLUTION,0169-5347,-
TRENDS IN FOOD SCIENCE & TECHNOLOGY,0924-2244,-
TRENDS IN PLANT SCIENCE,1360-1385,-
TROPICAL CONSERVATION SCIENCE,1940-0829,TROPICAL CONSERVATION SCIENCE
TROPICAL ECOLOGY,0564-3295,-
TROPICAL GRASSLANDS-FORRAJES TROPICALES,2346-3775,-
TUEXENIA,0722-494X,-
TURKISH JOURNAL OF BOTANY,1300-008X,TURKISH JOURNAL OF BOTANY
TURKISH JOURNAL OF FISHERIES AND AQUATIC SCIENCES,1303-2712,-
TURKISH JOURNAL OF ZOOLOGY,1300-0179,TÜRK ZOOLOJI DERGISI
UNIVERSITY OF ILLINOIS LAW REVIEW,0276-9948,-
URBAN ECOSYSTEMS,1083-8155,URBAN ECOSYSTEMS
URBAN FORESTRY & URBAN GREENING,1618-8667,-
URBAN WATER JOURNAL,1573-062X,URBAN WATER JOURNAL
URSUS,1537-6176,URSUS
VADOSE ZONE JOURNAL,1539-1663,-
VANDERBILT LAW REVIEW,0042-2533,VANDERBILT LAW REVIEW
VECTOR-BORNE AND ZOONOTIC DISEASES,1530-3667,-
VEGETATION HISTORY AND ARCHAEOBOTANY,0939-6314,-
VETERINARY PARASITOLOGY,0304-4017,-
VETERINARY RESEARCH COMMUNICATIONS,0165-7380,-
VIE ET MILIEU-LIFE AND ENVIRONMENT,0240-8759,-
VIRUS RESEARCH,0168-1702,-
VITIS,0042-7500,-
VIVAT ACADEMIA,1575-2844,-
WASHINGTON LAW REVIEW,0043-0617,WASHINGTON LAW REVIEW
WASTE MANAGEMENT & RESEARCH,0734-242X,-
WATER AIR AND SOIL POLLUTION,0049-6979,"WATER, AIR, AND SOIL POLLUTION"
WATER ALTERNATIVES-AN INTERDISCIPLINARY JOURNAL ON WATER POLITICS AND DEVELOPMENT,1965-0175,WATER ALTERNATIVES
WATER ENVIRONMENT RESEARCH,1061-4303,-
WATER INTERNATIONAL,0250-8060,-
WATER POLICY,1366-7017,WATER POLICY
WATER QUALITY EXPOSURE AND HEALTH,1876-1658,-
WATER RESEARCH,0043-1354,-
WATER RESOURCES MANAGEMENT,0920-4741,WATER RESOURCES MANAGEMENT
WATER RESOURCES RESEARCH,0043-1397,-
WATER SA,0378-4738,WATER S.A.
WATER SCIENCE AND TECHNOLOGY,0273-1223,WATER SCIENCE AND TECHNOLOGY
WATER SCIENCE AND TECHNOLOGY-WATER SUPPLY,1606-9749,-
WATERBIRDS,1524-4695,-
WEATHER AND CLIMATE EXTREMES,2212-0947,WEATHER AND CLIMATE EXTREMES
WEATHER CLIMATE AND SOCIETY,1948-8327,"WEATHER, CLIMATE & SOCIETY"
WEED RESEARCH,0043-1737,-
WEED SCIENCE,0043-1745,-
WEED TECHNOLOGY,0890-037X,-
WESTERN JOURNAL OF APPLIED FORESTRY,0885-6095,WESTERN JOURNAL OF APPLIED FORESTRY
WESTERN NORTH AMERICAN NATURALIST,1527-0904,WESTERN NORTH AMERICAN NATURALIST
WETLANDS,0277-5212,-
WETLANDS ECOLOGY AND MANAGEMENT,0923-4861,WETLANDS ECOLOGY AND MANAGEMENT
WIENER TIERARZTLICHE MONATSSCHRIFT,0043-535X,-
WILDLIFE BIOLOGY,0909-6396,WILDLIFE BIOLOGY
WILDLIFE MONOGRAPHS,0084-0173,WILDLIFE MONOGRAPHS
WILDLIFE RESEARCH,1035-3712,-
WILDLIFE SOCIETY BULLETIN,0091-7648,WILDLIFE SOCIETY BULLETIN
WILEY INTERDISCIPLINARY REVIEWS-CLIMATE CHANGE,1757-7780,WILEY INTERDISCIPLINARY REVIEWS: CLIMATE CHANGE
WILEY INTERDISCIPLINARY REVIEWS-ENERGY AND ENVIRONMENT,2041-8396,WIRES: ENERGY & ENVIRONMENT
WILEY INTERDISCIPLINARY REVIEWS-WATER,2049-1948,WIRES.
WORLD BANK RESEARCH OBSERVER,0257-3032,-
WORLD DEVELOPMENT,0305-750X,-
WORLD JOURNAL OF SCIENCE TECHNOLOGY AND SUSTAINABLE DEVELOPMENT,2042-5953,-
WORLD RABBIT SCIENCE,1257-5011,-
WORLDVIEWS-GLOBAL RELIGIONS CULTURE AND ECOLOGY,1363-5247,WORLDVIEWS
ZEITSCHRIFT FUR WIRTSCHAFTSGEOGRAPHIE,0044-3751,-
ZKG INTERNATIONAL,0949-0205,-
ZOO BIOLOGY,0733-3188,-
ZOOKEYS,1313-2989,ZOOKEYS
ZOOLOGIA,1984-4689,-
ZOOLOGICA SCRIPTA,0300-3256,ZOOLOGICA SCRIPTA
ZOOLOGICAL SCIENCE,0289-0003,ZOOLOGICAL SCIENCE
ZOOLOGICAL STUDIES,1021-5506,-
ZOOLOGISCHER ANZEIGER,0044-5231,-
ZOOSYSTEMA,1280-9551,-
ZOOTAXA,1175-5326,-
ALLGEMEINE FORST UND JAGDZEITUNG,0002-5852,-
ANNALES BOTANICI FENNICI,0003-3847,-
ANNALS OF ARID ZONE,0570-1791,-
AQUACULTURE ECONOMICS & MANAGEMENT,1365-7305,AQUACULTURE ECONOMICS & MANAGEMENT
AQUATIC MICROBIAL ECOLOGY,0948-3055,-
CALIFORNIA COOPERATIVE OCEANIC FISHERIES INVESTIGATIONS REPORTS,0575-3317,-
COMPUTERS & MATHEMATICS WITH APPLICATIONS,0898-1221,-
ECONOMY AND SOCIETY,0308-5147,-
EURASIAN SOIL SCIENCE,1064-2293,-
GENETIC ANALYSIS-BIOMOLECULAR ENGINEERING,1050-3862,-
GLOBAL HEALTH ACTION,1654-9880,-
INTERNATIONAL JOURNAL OF WATER GOVERNANCE,2211-4491,-
INTERNATIONAL REGIONAL SCIENCE REVIEW,0160-0176,-
JOURNAL OF AFRICAN ECONOMIES,0963-8024,-
JOURNAL OF AQUATIC ANIMAL HEALTH,0899-7659,-
JOURNAL OF INSTITUTIONAL ECONOMICS,1744-1374,-
JOURNAL OF REPRODUCTION AND FERTILITY,2228-5482,-
JOURNAL OF TOXICOLOGY AND ENVIRONMENTAL HEALTH-PART A,1528-7394,-
MCGILL INTERNATIONAL JOURNAL OF SUSTAINABLE DEVELOPMENT LAW AND POLICY,1712-9664,-
NATURE & RESOURCES,0028-0844,-
PHARMACEUTICAL BIOLOGY,1388-0209 ,-
POLITICS AND THE LIFE SCIENCES,0730-9384,-
PROCEEDINGS OF THE GEOLOGISTS ASSOCIATION,0016-7878,-
PURE AND APPLIED CHEMISTRY,0033-4545,-
REGULATED RIVERS-RESEARCH & MANAGEMENT,0886-9375,-
VETERINARIJA IR ZOOTECHNIKA,1392-2130,VETERINARIJA IR ZOOTECHNIKA
